order_id,customer_id,restaurant_id,order_time,customer_location,restaurant_location,order_value,rating
8954,4937,426,2024-04-06 00:00:00,Apt 960,Apt 1610,4550.66,4.1
3004,6241,579,2024-04-06 00:00:00,Suite 19,Room 1800,565.72,3.34
6660,2797,515,2024-04-06 00:00:00,Room 1127,PO Box 93448,2693.28,1.37
5549,4709,347,2024-04-06 00:00:00,PO Box 87489,12th Floor,3932.64,4.82
9877,6104,994,2024-04-06 00:00:00,Apt 854,PO Box 74855,1594.06,0.35
4070,1728,100,2024-04-06 00:00:00,Apt 1478,Room 1758,1620.14,3.65
3766,4207,801,2024-04-06 00:00:00,Apt 1357,Apt 338,4857.34,0.91
5452,2460,646,2024-04-06 00:00:00,14th Floor,18th Floor,681.97,2.48
4730,9271,311,2024-04-06 00:00:00,PO Box 16227,Room 1592,1897.91,1.84
1864,5855,661,2024-04-06 00:00:00,PO Box 83512,Room 824,4816.66,2.18
6386,2456,656,2024-04-06 00:00:00,Suite 51,Room 120,1661.76,4.86
3174,9602,628,2024-04-06 00:00:00,PO Box 54547,Apt 1129,3673.26,4.02
8971,4141,463,2024-04-06 00:00:00,Room 796,PO Box 24587,555.65,0.28
1047,6449,120,2024-04-06 00:00:00,10th Floor,Room 1436,1653.7,4.47
2270,2789,135,2024-04-06 00:00:00,15th Floor,6th Floor,567.62,0.32
5795,2410,437,2024-04-06 00:00:00,3rd Floor,Room 1087,2664.11,4.41
1855,7299,716,2024-04-06 00:00:00,PO Box 78099,Room 57,2946.04,4.27
5740,3201,406,2024-04-06 00:00:00,10th Floor,PO Box 35730,4596.55,2.17
8127,2675,265,2024-04-06 00:00:00,PO Box 4194,Suite 93,1467.1,4.01
2855,3959,374,2024-04-06 00:00:00,Room 1661,Room 419,3727.25,1.1
5328,5390,412,2024-04-06 00:00:00,12th Floor,12th Floor,4376.18,1.12
6149,1114,227,2024-04-06 00:00:00,Room 800,Room 822,1411.23,1.88
2258,5133,121,2024-04-06 00:00:00,10th Floor,PO Box 93664,496.56,0.69
8736,4982,380,2024-04-06 00:00:00,PO Box 18041,12th Floor,2218.08,1.47
1900,8289,545,2024-04-06 00:00:00,Room 597,Suite 14,62.8,3.45
4302,2849,857,2024-04-06 00:00:00,Apt 1555,PO Box 81625,2707.97,3.46
8449,8891,703,2024-04-06 00:00:00,5th Floor,Suite 3,3606.18,4.03
9093,6156,238,2024-04-06 00:00:00,Suite 100,Apt 226,2631.36,4.63
1082,2161,857,2024-04-06 00:00:00,Suite 56,17th Floor,2117.21,2.51
3680,8767,733,2024-04-06 00:00:00,Apt 54,PO Box 98789,2183.84,0.15
7066,2727,586,2024-04-06 00:00:00,11th Floor,Apt 763,3443.83,3.42
1150,3919,112,2024-04-06 00:00:00,PO Box 79532,PO Box 96373,1005.11,3.79
9346,8550,471,2024-04-06 00:00:00,Suite 6,Suite 92,2454.01,3.69
2269,9226,922,2024-04-06 00:00:00,6th Floor,Apt 457,3997.4,3.49
5288,1532,429,2024-04-06 00:00:00,PO Box 7562,PO Box 17048,1639.56,0.13
8468,2969,411,2024-04-06 00:00:00,PO Box 80545,Room 916,562.52,2.67
2145,1526,786,2024-04-06 00:00:00,Apt 427,Suite 89,1432.11,4.08
9890,3701,338,2024-04-06 00:00:00,Room 1993,Apt 141,1729.89,1.58
6006,8697,344,2024-04-06 00:00:00,Suite 73,PO Box 70176,11.09,4.76
8927,9858,242,2024-04-06 00:00:00,PO Box 25429,Apt 1085,1585.77,4.85
4665,4263,591,2024-04-06 00:00:00,PO Box 81093,Room 1154,181.2,4.83
2274,1456,363,2024-04-06 00:00:00,PO Box 56390,19th Floor,1646.44,4.63
7600,8267,140,2024-04-06 00:00:00,Room 883,Room 339,4628.6,2.21
9220,5557,939,2024-04-06 00:00:00,19th Floor,Suite 88,4882.59,1.03
1403,6897,749,2024-04-06 00:00:00,13th Floor,PO Box 36942,4695.02,2.79
6003,2516,804,2024-04-06 00:00:00,Room 1792,3rd Floor,432.88,3.39
2205,2051,113,2024-04-06 00:00:00,PO Box 30302,9th Floor,369.68,1.76
1139,4799,608,2024-04-06 00:00:00,19th Floor,PO Box 66307,3297.91,0.74
9818,6850,370,2024-04-06 00:00:00,Suite 41,19th Floor,1501.97,0.58
8194,9455,732,2024-04-06 00:00:00,PO Box 8458,13th Floor,933.28,3.55
8267,2070,527,2024-04-06 00:00:00,PO Box 14864,Suite 70,4397.43,1.05
2862,6939,473,2024-04-06 00:00:00,Suite 74,Room 140,836.09,2.53
8580,2019,583,2024-04-06 00:00:00,Suite 92,2nd Floor,3459.92,0.86
6820,1779,732,2024-04-06 00:00:00,Apt 995,Apt 959,350.06,2.76
7689,9741,892,2024-04-06 00:00:00,Apt 1170,Apt 115,2451.98,0.29
8662,4349,812,2024-04-06 00:00:00,Apt 1951,Apt 610,3878.37,1.05
9962,2934,318,2024-04-06 00:00:00,Room 316,17th Floor,1227.86,1.02
4846,2995,415,2024-04-06 00:00:00,16th Floor,20th Floor,293.4,2.46
4577,2916,191,2024-04-06 00:00:00,10th Floor,PO Box 15508,3825.63,0.94
7622,4031,438,2024-04-06 00:00:00,Suite 25,Room 1159,3096.38,2.78
2438,5089,336,2024-04-06 00:00:00,Room 1433,PO Box 32074,958.48,3.08
9954,4765,100,2024-04-06 00:00:00,PO Box 94265,Suite 40,407.14,0.52
8464,5010,794,2024-04-06 00:00:00,Apt 527,Room 1294,2726.62,4.05
2408,4345,601,2024-04-06 00:00:00,PO Box 75962,PO Box 93676,2792.41,1.56
1429,2118,391,2024-04-06 00:00:00,10th Floor,Suite 4,3480.54,0.82
9030,8290,246,2024-04-06 00:00:00,Suite 20,Room 19,433.63,4.77
1070,9011,832,2024-04-06 00:00:00,4th Floor,Room 611,1999.33,1.26
5502,1994,353,2024-04-06 00:00:00,Apt 1717,12th Floor,2627.01,2.94
3647,7352,370,2024-04-06 00:00:00,10th Floor,PO Box 4032,1222.66,4.79
8179,4019,800,2024-04-06 00:00:00,Suite 59,14th Floor,4354.92,0.32
2153,9342,760,2024-04-06 00:00:00,Apt 1549,Apt 733,3967.68,4.24
8573,3767,541,2024-04-06 00:00:00,Apt 1576,9th Floor,4261.21,0.67
4513,8328,797,2024-04-06 00:00:00,13th Floor,Room 1300,1736.81,3.98
8343,3724,651,2024-04-06 00:00:00,Apt 127,PO Box 84896,3480.01,2.75
5422,3960,678,2024-04-06 00:00:00,Apt 623,18th Floor,1006.21,1.88
5895,4073,205,2024-04-06 00:00:00,3rd Floor,PO Box 7799,3775.46,2.21
8070,1043,154,2024-04-06 00:00:00,8th Floor,13th Floor,4996.81,0.69
1810,9209,376,2024-04-06 00:00:00,PO Box 83087,Room 1760,955.55,4.96
9602,7206,753,2024-04-06 00:00:00,Suite 30,Apt 1103,2680.38,4.01
2531,3184,207,2024-04-06 00:00:00,Apt 1189,PO Box 64024,1362.91,3.73
7421,5857,337,2024-04-06 00:00:00,Apt 1357,Apt 41,1505.45,4.95
4475,1857,225,2024-04-06 00:00:00,3rd Floor,Suite 38,1827.1,0.54
9053,5607,231,2024-04-06 00:00:00,PO Box 95033,Room 1742,4859.51,2.9
6515,4989,628,2024-04-06 00:00:00,Suite 36,Room 391,3683.6,4.39
2686,8288,865,2024-04-06 00:00:00,6th Floor,17th Floor,1690.47,1.33
1513,8741,807,2024-04-06 00:00:00,Apt 1528,Suite 57,3076.33,0.92
7702,1719,295,2024-04-06 00:00:00,Suite 26,8th Floor,1421.34,3.14
6553,6093,374,2024-04-06 00:00:00,Suite 2,Apt 1669,1652.79,0.06
4304,6345,329,2024-04-06 00:00:00,Apt 769,Room 6,3867.67,0.75
7504,5462,514,2024-04-06 00:00:00,Apt 610,Room 1014,1164.5,1.56
4770,1267,735,2024-04-06 00:00:00,5th Floor,PO Box 30806,2532.5,1.92
8726,6516,732,2024-04-06 00:00:00,PO Box 15813,Room 1646,2689.89,4.58
9555,3259,160,2024-04-06 00:00:00,Room 533,Room 975,3911.77,1.33
6475,6333,613,2024-04-06 00:00:00,Room 1166,Suite 16,4664.16,1.13
6504,1758,975,2024-04-06 00:00:00,PO Box 79364,14th Floor,4096.55,3.28
5735,5479,806,2024-04-06 00:00:00,Suite 48,Room 1559,4990.22,0.87
8724,1265,364,2024-04-06 00:00:00,6th Floor,Suite 86,2763.74,4.65
8601,9681,344,2024-04-06 00:00:00,Apt 104,Apt 1710,1825.76,4.25
4130,9713,996,2024-04-06 00:00:00,PO Box 13654,PO Box 33385,2716.59,2.47
7707,4776,443,2024-04-06 00:00:00,Room 148,Room 883,1588.07,1.28
1307,2920,551,2024-04-06 00:00:00,12th Floor,Room 729,4918.3,4.43
6051,8056,180,2024-04-06 00:00:00,Room 566,Suite 38,498.62,4.6
7736,2699,723,2024-04-06 00:00:00,PO Box 27970,16th Floor,1942.13,1.2
2351,9496,689,2024-04-06 00:00:00,Suite 67,Room 699,462.94,4.95
6838,5315,641,2024-04-06 00:00:00,Apt 611,1st Floor,1389.94,0.09
2604,6202,510,2024-04-06 00:00:00,Apt 31,18th Floor,17.55,3.44
5912,5652,510,2024-04-06 00:00:00,Suite 55,4th Floor,1544.51,0.62
9437,8232,915,2024-04-06 00:00:00,Room 870,PO Box 73548,622.64,2.64
6314,7564,936,2024-04-06 00:00:00,Suite 16,3rd Floor,774.49,4.55
5532,5998,865,2024-04-06 00:00:00,PO Box 53626,Room 1289,2587.62,0.22
7503,8205,806,2024-04-06 00:00:00,Apt 648,9th Floor,4484.34,0.38
4654,2356,116,2024-04-06 00:00:00,Suite 42,12th Floor,2977.68,2.06
4729,2371,900,2024-04-06 00:00:00,13th Floor,Apt 1549,4908.76,2.64
3121,7137,776,2024-04-06 00:00:00,Room 263,PO Box 3249,2842.1,0.42
2878,7434,308,2024-04-06 00:00:00,PO Box 64052,Apt 1787,1267.92,4.36
9828,4913,114,2024-04-06 00:00:00,Room 1513,Suite 92,1209.37,1.68
2776,4283,449,2024-04-06 00:00:00,Apt 1272,Apt 1332,4119.51,3.94
7548,6553,879,2024-04-06 00:00:00,Suite 8,Apt 49,4705.38,1.1
4074,2335,944,2024-04-06 00:00:00,Apt 1435,3rd Floor,4512.34,0.61
6386,7317,362,2024-04-06 00:00:00,PO Box 51079,20th Floor,1073.51,1.43
4413,8521,432,2024-04-06 00:00:00,10th Floor,Apt 1579,3108.41,2.28
7679,2527,310,2024-04-06 00:00:00,Apt 643,2nd Floor,754.64,3.75
7877,9699,324,2024-04-06 00:00:00,Apt 1354,Apt 458,2772.19,4.05
6974,1837,400,2024-04-06 00:00:00,PO Box 21066,PO Box 59755,2979.98,3.53
3759,3790,722,2024-04-06 00:00:00,PO Box 31873,PO Box 35201,1906.73,0.74
8296,8657,565,2024-04-06 00:00:00,PO Box 3416,Apt 772,3057.74,2.41
1272,7736,568,2024-04-06 00:00:00,PO Box 65316,Apt 900,3549.4,4.33
5012,8874,894,2024-04-06 00:00:00,5th Floor,4th Floor,4771.08,3.95
5312,6798,548,2024-04-06 00:00:00,Room 1872,4th Floor,3620.94,4.1
3763,7208,855,2024-04-06 00:00:00,PO Box 93343,Room 767,4711.97,4.7
5122,6752,733,2024-04-06 00:00:00,15th Floor,19th Floor,3320.31,2.27
4910,6390,213,2024-04-06 00:00:00,PO Box 36013,Apt 423,1858.56,3.45
1191,7144,221,2024-04-06 00:00:00,Apt 1611,9th Floor,4822.2,2.26
8140,5640,325,2024-04-06 00:00:00,Suite 6,20th Floor,2658.85,4.47
4152,8980,111,2024-04-06 00:00:00,PO Box 6298,Apt 1965,2875.65,0.82
1070,3244,678,2024-04-06 00:00:00,17th Floor,Apt 151,2768.63,0.91
5894,1680,626,2024-04-06 00:00:00,PO Box 22523,PO Box 89170,231.63,1.61
6089,1100,652,2024-04-06 00:00:00,Apt 1029,Suite 57,2202.21,1.54
2778,9882,207,2024-04-06 00:00:00,10th Floor,12th Floor,4249.16,3.49
9352,3156,153,2024-04-06 00:00:00,Room 1506,14th Floor,1181.66,2.02
5475,6146,260,2024-04-06 00:00:00,PO Box 17651,Apt 167,2727.25,4.67
1395,7740,471,2024-04-06 00:00:00,4th Floor,PO Box 99861,3621.36,2.53
6674,5330,737,2024-04-06 00:00:00,PO Box 55554,PO Box 45501,4582.9,0.43
4345,2745,634,2024-04-06 00:00:00,6th Floor,Suite 70,736.48,0.64
4273,8825,738,2024-04-06 00:00:00,Room 1200,PO Box 5268,4622.53,0.58
9019,7198,724,2024-04-06 00:00:00,PO Box 6097,PO Box 74699,2399.86,0.36
5868,5835,456,2024-04-06 00:00:00,PO Box 71435,Room 1002,2243.58,0.9
6825,6642,336,2024-04-06 00:00:00,15th Floor,Apt 259,4244.11,0.41
4962,6150,576,2024-04-06 00:00:00,12th Floor,Apt 1667,2107.77,3.08
9706,9566,413,2024-04-06 00:00:00,Suite 99,PO Box 20559,2046.08,0.89
7595,8654,479,2024-04-06 00:00:00,Apt 1967,PO Box 7682,2991.01,0.05
2189,7228,455,2024-04-06 00:00:00,PO Box 97215,Suite 57,510.94,2.03
1070,7543,736,2024-04-06 00:00:00,18th Floor,Suite 97,255.3,3.48
1022,9409,975,2024-04-06 00:00:00,Apt 170,PO Box 56664,3780.26,3.07
6174,7001,166,2024-04-06 00:00:00,Room 1373,Room 1003,4102.67,1.96
4221,5606,990,2024-04-06 00:00:00,Room 1915,Room 1278,1864.33,0.57
1260,8658,103,2024-04-06 00:00:00,Room 201,Suite 6,2500.68,2.85
5713,8594,851,2024-04-06 00:00:00,Room 1327,Suite 46,4104.63,3.67
5627,4205,949,2024-04-06 00:00:00,PO Box 82380,Apt 1258,401.21,0.82
7622,7938,458,2024-04-06 00:00:00,Suite 7,PO Box 32532,4364.92,2.61
7626,1563,597,2024-04-06 00:00:00,PO Box 15512,PO Box 35645,165.42,4.77
3314,9707,448,2024-04-06 00:00:00,Apt 653,Room 1816,3804.34,3.03
8861,7940,472,2024-04-06 00:00:00,Room 174,Apt 853,697.58,3.74
7037,6409,972,2024-04-06 00:00:00,Room 669,Apt 351,172.34,1.76
6116,3096,599,2024-04-06 00:00:00,Room 635,Suite 18,1520.09,0.6
1498,2226,236,2024-04-06 00:00:00,Suite 60,Apt 851,3270.62,4.76
9354,7656,302,2024-04-06 00:00:00,PO Box 44583,PO Box 92550,2291.66,4.1
2540,1990,919,2024-04-06 00:00:00,Apt 562,Apt 1225,2391.38,2.5
2100,6402,573,2024-04-06 00:00:00,Suite 99,Suite 53,3319.17,1.13
6217,6746,280,2024-04-06 00:00:00,Suite 63,15th Floor,1785.51,2.67
1243,3226,734,2024-04-06 00:00:00,Room 1783,PO Box 85339,4719.49,3.8
8426,4343,983,2024-04-06 00:00:00,Apt 498,Suite 63,2739.76,3.12
8048,7298,907,2024-04-06 00:00:00,PO Box 48103,Room 1579,2241.58,0.96
2545,4618,301,2024-04-06 00:00:00,Apt 1486,19th Floor,1832.86,1.99
8144,4424,842,2024-04-06 00:00:00,Apt 915,Suite 4,2436.58,2.92
3801,3864,438,2024-04-06 00:00:00,Apt 1139,Room 1463,40.23,2.07
9787,9687,121,2024-04-06 00:00:00,Room 1136,Room 1035,1007.13,3.73
4693,2383,853,2024-04-06 00:00:00,Apt 566,Suite 24,3605.24,0.22
4255,1859,225,2024-04-06 00:00:00,Suite 66,PO Box 95918,4993.11,4.9
4487,1554,664,2024-04-06 00:00:00,19th Floor,Suite 11,924.05,2.93
3749,6048,968,2024-04-06 00:00:00,16th Floor,Room 656,1573.35,1.9
5590,4346,934,2024-04-06 00:00:00,Apt 39,13th Floor,3606.6,3.47
3356,1015,327,2024-04-06 00:00:00,Apt 1316,PO Box 5745,3029.76,1.76
1196,8350,815,2024-04-06 00:00:00,Suite 56,PO Box 67519,1914.63,4.56
9180,6263,525,2024-04-06 00:00:00,Apt 501,Room 643,752.97,0.63
7578,5720,698,2024-04-06 00:00:00,14th Floor,Apt 867,209.83,2.48
9315,1731,601,2024-04-06 00:00:00,Suite 88,Suite 39,3648.51,2.85
2858,5244,701,2024-04-06 00:00:00,Apt 1707,Apt 686,2167.97,4.83
1974,7132,713,2024-04-06 00:00:00,Room 382,Suite 21,1769.88,3.74
9796,6602,768,2024-04-06 00:00:00,Suite 72,Room 138,1147.0,2.68
2099,7787,575,2024-04-06 00:00:00,Room 374,PO Box 44599,1591.83,3.34
4090,2554,971,2024-04-06 00:00:00,Apt 1904,Suite 25,4235.99,1.42
8676,5640,940,2024-04-06 00:00:00,Suite 50,Suite 33,4912.21,2.47
4613,5556,837,2024-04-06 00:00:00,Room 686,Room 1556,4416.91,0.86
9005,6812,221,2024-04-06 00:00:00,Apt 1336,9th Floor,284.2,3.8
1185,2930,791,2024-04-06 00:00:00,Suite 100,Room 1373,2024.49,1.47
2021,4255,290,2024-04-06 00:00:00,Apt 228,Room 845,3203.16,0.41
8165,6262,834,2024-04-06 00:00:00,Suite 17,PO Box 39454,2438.98,2.25
1645,2006,752,2024-04-06 00:00:00,Suite 35,Room 169,3436.89,1.87
9057,9165,709,2024-04-06 00:00:00,Suite 43,Apt 1971,327.15,0.65
5797,6017,336,2024-04-06 00:00:00,Suite 23,Apt 377,2795.83,2.42
1069,6447,971,2024-04-06 00:00:00,Room 195,Apt 1283,2323.4,3.02
7324,1850,647,2024-04-06 00:00:00,20th Floor,Room 1286,933.33,4.05
6005,9565,957,2024-04-06 00:00:00,Apt 423,Apt 889,3289.05,1.45
5413,6331,507,2024-04-06 00:00:00,Suite 34,Room 1417,3203.22,4.64
7629,8712,830,2024-04-06 00:00:00,Suite 35,Suite 52,3714.57,1.59
8809,3570,636,2024-04-06 00:00:00,12th Floor,PO Box 35961,2613.78,1.53
1885,5639,809,2024-04-06 00:00:00,Room 1927,PO Box 8027,3933.84,0.12
9117,6157,434,2024-04-06 00:00:00,Apt 1299,Room 1138,4247.79,2.56
7956,8867,295,2024-04-06 00:00:00,Room 1808,Room 974,1595.23,2.81
9133,7953,952,2024-04-06 00:00:00,Suite 68,Room 1651,3350.17,0.33
9055,4662,541,2024-04-06 00:00:00,4th Floor,5th Floor,501.16,1.17
8075,6557,105,2024-04-06 00:00:00,Room 1966,Room 1381,2211.43,3.76
8664,3400,264,2024-04-06 00:00:00,Apt 610,20th Floor,828.6,3.76
7602,5823,829,2024-04-06 00:00:00,2nd Floor,Suite 32,572.69,4.86
7442,9336,220,2024-04-06 00:00:00,6th Floor,Room 259,3079.7,4.15
5075,7146,157,2024-04-06 00:00:00,Apt 32,16th Floor,2421.23,0.46
3649,4926,585,2024-04-06 00:00:00,Apt 1938,PO Box 13436,1132.65,1.35
4759,1549,480,2024-04-06 00:00:00,11th Floor,Suite 77,3392.34,0.17
3267,1181,826,2024-04-06 00:00:00,Apt 1064,8th Floor,265.18,3.66
5278,8318,794,2024-04-06 00:00:00,Apt 304,PO Box 43314,4719.9,3.38
2947,7255,717,2024-04-06 00:00:00,PO Box 73111,Suite 40,2554.34,2.98
1935,7632,913,2024-04-06 00:00:00,Apt 1020,12th Floor,2862.57,2.37
8136,2503,126,2024-04-06 00:00:00,Room 744,16th Floor,2823.23,2.3
2995,8059,249,2024-04-06 00:00:00,Apt 1817,Apt 151,3528.31,3.32
1110,3993,790,2024-04-06 00:00:00,PO Box 47945,Room 1545,3209.45,2.92
6328,6799,425,2024-04-06 00:00:00,Suite 77,Room 1404,2076.53,4.19
2783,8619,139,2024-04-06 00:00:00,PO Box 4785,Apt 1484,2419.68,0.15
9309,6999,452,2024-04-06 00:00:00,12th Floor,Apt 608,530.46,4.16
7296,8088,809,2024-04-06 00:00:00,Suite 12,Apt 125,762.16,3.98
9138,4327,255,2024-04-06 00:00:00,Suite 97,5th Floor,4260.08,1.66
6479,7351,448,2024-04-06 00:00:00,Room 587,Apt 263,4771.47,4.67
8306,6851,900,2024-04-06 00:00:00,3rd Floor,Room 964,4771.43,2.77
3876,8134,839,2024-04-06 00:00:00,PO Box 36277,Apt 1474,884.91,0.13
3542,9387,510,2024-04-06 00:00:00,Apt 1252,Suite 55,2148.58,3.96
6685,5502,152,2024-04-06 00:00:00,PO Box 97107,Room 1080,3978.53,1.94
8138,7091,599,2024-04-06 00:00:00,Suite 8,Room 762,1129.25,0.47
8966,5355,509,2024-04-06 00:00:00,Suite 70,PO Box 1872,3669.94,1.4
9517,9121,952,2024-04-06 00:00:00,Apt 158,Room 926,2024.71,3.06
2716,8717,214,2024-04-06 00:00:00,PO Box 91179,3rd Floor,4665.03,4.64
8833,7594,239,2024-04-06 00:00:00,Apt 333,1st Floor,2135.79,1.98
8808,9152,709,2024-04-06 00:00:00,7th Floor,PO Box 15252,2570.02,4.07
4727,7484,658,2024-04-06 00:00:00,PO Box 57769,14th Floor,73.76,3.04
6146,4124,501,2024-04-06 00:00:00,1st Floor,Apt 995,3305.3,4.66
1737,1010,545,2024-04-06 00:00:00,PO Box 9168,Suite 58,1094.81,4.77
6427,4793,146,2024-04-06 00:00:00,Room 1339,Room 9,2971.96,3.93
2287,5092,649,2024-04-06 00:00:00,18th Floor,15th Floor,4886.47,3.53
7883,4243,903,2024-04-06 00:00:00,Apt 1823,Room 464,3529.65,2.6
5706,6235,254,2024-04-06 00:00:00,Suite 60,Room 1994,3173.12,1.07
3077,5295,185,2024-04-06 00:00:00,PO Box 99207,PO Box 99122,3057.86,2.49
9362,1604,128,2024-04-06 00:00:00,PO Box 35025,Apt 1011,4955.23,1.3
4375,4992,588,2024-04-06 00:00:00,9th Floor,Suite 16,3778.13,0.99
4648,6746,371,2024-04-06 00:00:00,3rd Floor,Suite 60,310.62,1.35
2140,9536,283,2024-04-06 00:00:00,Room 275,14th Floor,4955.93,0.01
1694,8061,648,2024-04-06 00:00:00,Room 135,Apt 591,4699.3,4.32
5555,3487,863,2024-04-06 00:00:00,Room 999,PO Box 31033,1465.22,3.99
1314,5283,360,2024-04-06 00:00:00,Suite 86,Suite 32,3348.81,3.32
9982,4090,497,2024-04-06 00:00:00,Apt 1697,Suite 38,773.0,1.95
5160,2377,645,2024-04-06 00:00:00,Apt 1466,PO Box 84408,1495.35,2.51
8856,5993,919,2024-04-06 00:00:00,Room 1280,15th Floor,4222.42,2.62
7318,9796,481,2024-04-06 00:00:00,Apt 1795,Room 842,1229.68,1.3
5193,6984,837,2024-04-06 00:00:00,Apt 1579,17th Floor,665.12,2.4
1456,6548,569,2024-04-06 00:00:00,19th Floor,8th Floor,2643.01,0.53
6208,9891,545,2024-04-06 00:00:00,Room 114,Room 323,509.64,2.85
1594,9552,364,2024-04-06 00:00:00,Suite 81,Suite 34,2062.66,2.36
8459,8991,297,2024-04-06 00:00:00,Suite 58,Apt 1654,221.09,4.4
8154,5850,956,2024-04-06 00:00:00,10th Floor,Room 1649,2197.55,2.03
9373,1099,503,2024-04-06 00:00:00,Apt 350,Apt 930,4941.66,1.32
6758,4452,194,2024-04-06 00:00:00,Room 83,Apt 1509,4379.64,3.94
6835,1688,105,2024-04-06 00:00:00,13th Floor,Suite 88,1004.64,0.31
9509,9092,536,2024-04-06 00:00:00,7th Floor,Suite 96,337.25,2.7
1782,3712,613,2024-04-06 00:00:00,15th Floor,PO Box 83887,2381.41,0.0
4331,5603,910,2024-04-06 00:00:00,Room 317,Suite 90,2812.54,4.89
7168,4907,760,2024-04-06 00:00:00,Suite 13,Room 1829,2066.84,0.82
5302,9842,705,2024-04-06 00:00:00,PO Box 81837,Suite 82,1780.62,0.61
9873,9629,196,2024-04-06 00:00:00,PO Box 28481,16th Floor,2959.95,3.04
9880,5415,692,2024-04-06 00:00:00,1st Floor,Room 1401,2060.37,0.06
7869,6045,108,2024-04-06 00:00:00,PO Box 37872,PO Box 26453,1380.61,0.99
8146,7255,262,2024-04-06 00:00:00,PO Box 12380,11th Floor,1516.93,3.46
3750,6600,539,2024-04-06 00:00:00,Suite 15,3rd Floor,3326.13,1.57
7460,3685,818,2024-04-06 00:00:00,Apt 945,Apt 889,98.09,1.77
8768,9306,415,2024-04-06 00:00:00,PO Box 58128,PO Box 9579,3530.87,2.95
4526,4040,267,2024-04-06 00:00:00,PO Box 90899,Room 330,4918.69,2.29
4354,4735,724,2024-04-06 00:00:00,Suite 37,1st Floor,4543.17,4.58
2719,7680,517,2024-04-06 00:00:00,Apt 1150,PO Box 17783,3120.76,3.63
4557,3357,696,2024-04-06 00:00:00,PO Box 99308,Apt 171,1438.31,1.23
9178,4150,310,2024-04-06 00:00:00,Apt 969,17th Floor,4349.69,1.69
6641,3580,717,2024-04-06 00:00:00,PO Box 82580,Room 977,3511.97,4.82
3835,4578,744,2024-04-06 00:00:00,PO Box 85753,8th Floor,105.67,0.06
3872,7699,448,2024-04-06 00:00:00,Apt 1412,Room 1231,4565.11,0.13
9010,5360,300,2024-04-06 00:00:00,9th Floor,Room 689,567.04,4.58
4421,8533,351,2024-04-06 00:00:00,19th Floor,PO Box 46010,2924.66,4.21
3153,2075,910,2024-04-06 00:00:00,PO Box 44756,Suite 80,2895.37,3.09
7407,3709,490,2024-04-06 00:00:00,Apt 586,Apt 1550,104.51,2.67
6805,3069,974,2024-04-06 00:00:00,PO Box 68823,Room 1174,4507.42,2.0
5743,2209,149,2024-04-06 00:00:00,Suite 66,Suite 7,4175.08,1.34
8189,5555,188,2024-04-06 00:00:00,13th Floor,2nd Floor,3642.43,1.55
6950,2349,970,2024-04-06 00:00:00,Apt 1833,15th Floor,4914.56,0.49
1816,1166,761,2024-04-06 00:00:00,PO Box 93067,PO Box 21670,404.54,0.73
7304,2939,185,2024-04-06 00:00:00,Apt 1271,Suite 1,2351.61,2.79
4506,4591,725,2024-04-06 00:00:00,5th Floor,PO Box 34178,3869.18,1.47
5591,5083,549,2024-04-06 00:00:00,Room 886,1st Floor,3013.55,4.66
1628,7431,723,2024-04-06 00:00:00,PO Box 29235,Room 940,2623.22,0.93
3936,3980,771,2024-04-06 00:00:00,Room 1965,Apt 1459,847.83,0.68
3497,7932,702,2024-04-06 00:00:00,Suite 39,12th Floor,4603.66,1.3
2877,3182,581,2024-04-06 00:00:00,Room 1104,3rd Floor,1607.57,2.73
3544,9795,938,2024-04-06 00:00:00,Room 1201,PO Box 72464,2607.89,0.99
4503,4569,398,2024-04-06 00:00:00,PO Box 59404,Suite 96,3657.83,4.19
9750,9279,807,2024-04-06 00:00:00,Suite 77,Suite 53,4420.2,3.32
8261,2875,174,2024-04-06 00:00:00,Apt 428,PO Box 67572,2484.22,1.39
8306,1465,946,2024-04-06 00:00:00,PO Box 36675,Room 1771,2835.75,1.48
8116,5330,628,2024-04-06 00:00:00,Apt 113,Apt 1676,2910.15,3.72
7667,6855,760,2024-04-06 00:00:00,18th Floor,PO Box 18750,629.5,1.05
7284,6012,374,2024-04-06 00:00:00,Room 1962,16th Floor,3977.07,1.37
6174,2258,174,2024-04-06 00:00:00,Suite 62,3rd Floor,164.03,0.89
3641,2409,683,2024-04-06 00:00:00,Apt 586,Suite 100,2592.08,0.39
6678,1996,223,2024-04-06 00:00:00,2nd Floor,PO Box 12032,2742.27,4.77
8987,1525,297,2024-04-06 00:00:00,Room 614,Apt 499,3887.9,3.21
9648,9721,240,2024-04-06 00:00:00,Room 1746,Apt 1792,3460.69,0.74
7672,8864,919,2024-04-06 00:00:00,PO Box 93223,Apt 1778,2323.96,3.89
3845,7979,666,2024-04-06 00:00:00,16th Floor,Room 1982,425.24,3.22
2520,2397,820,2024-04-06 00:00:00,Apt 1297,Apt 852,4603.72,3.74
7210,6854,168,2024-04-06 00:00:00,Room 986,Suite 10,4530.02,1.57
3073,3604,527,2024-04-06 00:00:00,5th Floor,Apt 821,2517.14,2.62
2245,4548,406,2024-04-06 00:00:00,Apt 1624,Apt 13,1227.77,4.23
3864,1245,944,2024-04-06 00:00:00,Room 1381,PO Box 34087,1293.58,2.58
3576,4510,399,2024-04-06 00:00:00,Suite 33,PO Box 14013,4668.81,0.3
9588,7323,763,2024-04-06 00:00:00,Suite 57,PO Box 6102,1816.94,0.54
9711,8970,249,2024-04-06 00:00:00,Room 344,Apt 1731,4005.36,3.56
7751,1665,835,2024-04-06 00:00:00,PO Box 33373,Room 1111,4622.5,4.34
9517,6661,591,2024-04-06 00:00:00,Room 1055,Room 1151,2475.54,0.81
2977,5317,972,2024-04-06 00:00:00,Room 1215,12th Floor,4552.6,1.94
6474,4575,583,2024-04-06 00:00:00,Suite 9,PO Box 33765,4976.38,2.15
8133,7537,667,2024-04-06 00:00:00,Room 667,10th Floor,3720.9,4.24
9496,7803,978,2024-04-06 00:00:00,Room 1679,PO Box 10372,2191.32,2.43
4734,6476,835,2024-04-06 00:00:00,17th Floor,Apt 1878,4315.55,3.19
9652,1451,841,2024-04-06 00:00:00,13th Floor,PO Box 89075,507.22,0.32
8355,8112,958,2024-04-06 00:00:00,Apt 92,Apt 1136,2687.66,0.38
7290,3130,930,2024-04-06 00:00:00,20th Floor,Room 704,3809.58,0.45
3121,5257,594,2024-04-06 00:00:00,Suite 72,11th Floor,212.74,3.15
1209,5661,680,2024-04-06 00:00:00,Room 1341,Room 1534,4555.94,2.9
6604,9828,957,2024-04-06 00:00:00,Room 1969,Room 367,1910.14,3.69
8238,3218,306,2024-04-06 00:00:00,Suite 5,3rd Floor,2188.62,0.86
2575,6427,789,2024-04-06 00:00:00,Room 1862,Room 176,1227.77,0.33
4429,7836,792,2024-04-06 00:00:00,Suite 3,Suite 56,3260.51,2.1
9426,9237,615,2024-04-06 00:00:00,Suite 1,Suite 58,4257.07,3.39
1668,1221,962,2024-04-06 00:00:00,Apt 793,Apt 1744,1726.82,3.35
7983,1170,407,2024-04-06 00:00:00,Room 1311,PO Box 93033,4180.57,1.78
7640,1047,108,2024-04-06 00:00:00,Room 259,PO Box 45411,999.29,4.94
2884,3971,480,2024-04-06 00:00:00,15th Floor,PO Box 95604,4847.55,2.65
3318,8078,332,2024-04-06 00:00:00,Suite 44,Suite 57,1495.26,0.38
9682,2559,232,2024-04-06 00:00:00,Suite 41,Room 1171,1018.1,0.69
3831,7869,988,2024-04-06 00:00:00,Suite 32,Room 1392,4014.82,3.55
5389,4928,790,2024-04-06 00:00:00,Suite 90,Suite 97,1347.45,2.97
2711,5464,796,2024-04-06 00:00:00,9th Floor,Suite 93,2403.51,0.19
8243,8227,776,2024-04-06 00:00:00,Suite 18,Apt 980,1238.59,0.05
9455,8998,470,2024-04-06 00:00:00,16th Floor,Apt 400,3234.28,1.04
2881,9775,582,2024-04-06 00:00:00,PO Box 55654,Apt 596,1680.51,3.68
8803,5661,364,2024-04-06 00:00:00,Suite 33,Room 556,581.05,2.56
1642,9318,614,2024-04-06 00:00:00,Suite 43,Apt 1666,3195.05,3.7
8866,7002,640,2024-04-06 00:00:00,PO Box 58391,PO Box 79667,1109.57,4.8
4895,8634,475,2024-04-06 00:00:00,Suite 48,Apt 1416,1766.67,2.24
7722,1519,283,2024-04-06 00:00:00,PO Box 71261,PO Box 75200,4718.21,0.64
1314,5672,743,2024-04-06 00:00:00,1st Floor,Room 1693,1549.6,3.67
1773,8531,181,2024-04-06 00:00:00,PO Box 79385,Apt 1687,101.93,2.85
3368,4433,552,2024-04-06 00:00:00,Room 1774,Room 636,3487.99,2.06
7891,3743,291,2024-04-06 00:00:00,Apt 846,Apt 588,2692.44,4.76
4835,2987,493,2024-04-06 00:00:00,Apt 170,Apt 840,1640.33,3.59
4819,6056,434,2024-04-06 00:00:00,8th Floor,PO Box 43178,2708.1,0.71
5858,7956,974,2024-04-06 00:00:00,PO Box 80479,Apt 1557,3780.99,2.39
1487,2659,658,2024-04-06 00:00:00,Suite 26,7th Floor,4797.43,3.43
2230,6362,489,2024-04-06 00:00:00,1st Floor,Apt 1888,2232.65,4.14
4200,5753,897,2024-04-06 00:00:00,Suite 2,PO Box 9059,137.84,0.53
3225,9529,841,2024-04-06 00:00:00,Apt 700,Suite 70,3212.73,3.51
6401,2991,342,2024-04-06 00:00:00,8th Floor,Room 282,4167.16,4.66
9063,3332,761,2024-04-06 00:00:00,Suite 10,12th Floor,711.07,1.3
8157,2650,132,2024-04-06 00:00:00,Suite 12,Room 782,1831.83,1.9
8735,2147,525,2024-04-06 00:00:00,PO Box 400,Room 869,1851.74,0.75
9452,5998,108,2024-04-06 00:00:00,7th Floor,PO Box 60203,238.85,3.75
4325,3971,683,2024-04-06 00:00:00,Suite 64,Room 1940,4537.67,4.16
2601,9968,692,2024-04-06 00:00:00,Suite 42,Room 678,2575.24,1.97
3516,7844,392,2024-04-06 00:00:00,PO Box 69658,Apt 802,3050.53,0.85
9614,9405,286,2024-04-06 00:00:00,16th Floor,20th Floor,4898.6,3.36
2778,6044,188,2024-04-06 00:00:00,8th Floor,Suite 66,1459.81,2.25
3745,2263,162,2024-04-06 00:00:00,Suite 43,Room 376,3240.01,3.83
3451,1565,246,2024-04-06 00:00:00,Apt 1629,18th Floor,3719.05,4.05
8279,6097,385,2024-04-06 00:00:00,Suite 53,Room 659,827.97,0.35
4731,2365,823,2024-04-06 00:00:00,Apt 1665,16th Floor,1394.25,0.78
2392,1612,377,2024-04-06 00:00:00,Room 383,16th Floor,2835.39,3.79
1244,6137,539,2024-04-06 00:00:00,20th Floor,Apt 1031,711.69,1.62
9767,2625,513,2024-04-06 00:00:00,Suite 7,Apt 175,3706.31,4.6
9159,7752,199,2024-04-06 00:00:00,Suite 69,Suite 88,2783.78,1.28
7821,3837,616,2024-04-06 00:00:00,4th Floor,Room 916,3025.63,0.46
2454,1552,414,2024-04-06 00:00:00,14th Floor,Room 499,4062.4,4.56
6116,6536,291,2024-04-06 00:00:00,18th Floor,Suite 35,751.26,2.27
3114,5774,560,2024-04-06 00:00:00,Room 1119,1st Floor,4366.15,0.08
1028,6353,333,2024-04-06 00:00:00,PO Box 77008,Suite 96,34.87,1.47
5391,3027,920,2024-04-06 00:00:00,Room 174,Suite 34,4507.37,1.81
4522,8640,601,2024-04-06 00:00:00,PO Box 17261,Suite 80,4647.82,3.08
6136,4601,122,2024-04-06 00:00:00,Suite 74,20th Floor,3323.46,4.28
1632,1410,740,2024-04-06 00:00:00,Room 915,Suite 67,3549.81,0.58
6098,6931,178,2024-04-06 00:00:00,Room 1654,Room 1491,1404.12,4.59
2565,6623,634,2024-04-06 00:00:00,Apt 894,Apt 221,1630.22,1.52
5530,4649,991,2024-04-06 00:00:00,Suite 97,Suite 68,3543.14,0.57
5633,3538,502,2024-04-06 00:00:00,Apt 1287,10th Floor,3410.76,1.25
5423,9702,415,2024-04-06 00:00:00,4th Floor,16th Floor,4756.52,1.33
2172,9184,675,2024-04-06 00:00:00,Suite 3,PO Box 96935,4580.36,3.97
8866,5663,142,2024-04-06 00:00:00,PO Box 97174,Suite 60,729.5,0.58
7428,5551,327,2024-04-06 00:00:00,14th Floor,Room 1961,2952.18,3.02
3586,7367,432,2024-04-06 00:00:00,15th Floor,PO Box 76080,3571.03,2.98
7659,8891,278,2024-04-06 00:00:00,1st Floor,4th Floor,2871.2,0.11
1598,9279,766,2024-04-06 00:00:00,PO Box 44387,9th Floor,2419.9,1.46
3377,3634,301,2024-04-06 00:00:00,Apt 776,Apt 1586,2439.53,4.43
2122,8447,810,2024-04-06 00:00:00,Room 958,PO Box 14976,1165.54,2.75
5405,4072,258,2024-04-06 00:00:00,PO Box 67194,PO Box 93095,3460.94,1.3
7490,7143,117,2024-04-06 00:00:00,PO Box 60399,1st Floor,3277.06,3.61
1553,8575,910,2024-04-06 00:00:00,Suite 76,PO Box 57430,3795.27,3.53
2416,2464,364,2024-04-06 00:00:00,PO Box 48701,Suite 93,1440.31,4.18
7067,1614,657,2024-04-06 00:00:00,14th Floor,Suite 76,4387.23,2.46
3785,8363,299,2024-04-06 00:00:00,16th Floor,Room 1218,3739.29,4.79
9231,7847,745,2024-04-06 00:00:00,PO Box 79989,PO Box 57903,3223.2,0.48
5611,1446,858,2024-04-06 00:00:00,Suite 43,Suite 30,1517.51,3.81
8940,4832,302,2024-04-06 00:00:00,PO Box 79943,Apt 1867,2367.82,3.75
4738,1226,135,2024-04-06 00:00:00,19th Floor,Room 557,4276.11,3.89
8524,5873,977,2024-04-06 00:00:00,Suite 61,8th Floor,583.12,0.94
7097,6342,605,2024-04-06 00:00:00,17th Floor,Room 716,4623.64,2.25
3570,2624,874,2024-04-06 00:00:00,Suite 48,Room 775,2769.98,1.45
5423,8039,428,2024-04-06 00:00:00,Suite 57,Apt 530,4896.81,4.6
1060,1145,344,2024-04-06 00:00:00,Suite 92,Room 543,1902.27,4.84
5106,1062,743,2024-04-06 00:00:00,Room 202,6th Floor,1279.33,3.52
8808,9314,205,2024-04-06 00:00:00,PO Box 73542,PO Box 58287,1514.52,3.44
3374,7697,969,2024-04-06 00:00:00,Suite 6,Suite 35,2892.02,4.59
7267,5650,943,2024-04-06 00:00:00,Room 1722,12th Floor,3276.13,1.54
2705,9391,738,2024-04-06 00:00:00,Apt 1878,Suite 56,4094.36,4.41
6100,3241,377,2024-04-06 00:00:00,PO Box 1154,19th Floor,4473.53,0.55
9808,8975,207,2024-04-06 00:00:00,9th Floor,Suite 24,2322.81,0.8
9351,9720,486,2024-04-06 00:00:00,Apt 932,Room 37,1348.39,4.38
2553,3390,840,2024-04-06 00:00:00,Apt 7,Suite 73,839.59,4.43
6665,2339,433,2024-04-06 00:00:00,PO Box 39085,11th Floor,4690.58,4.17
4485,5163,524,2024-04-06 00:00:00,Room 714,Apt 537,1976.81,0.46
6181,7415,494,2024-04-06 00:00:00,Apt 173,PO Box 50249,587.34,1.96
2033,2274,796,2024-04-06 00:00:00,Room 226,PO Box 2129,4044.36,3.54
5134,4750,436,2024-04-06 00:00:00,Room 1620,Suite 41,613.19,2.14
8888,1514,768,2024-04-06 00:00:00,Apt 1440,PO Box 51627,605.02,3.18
1254,9584,770,2024-04-06 00:00:00,Apt 119,PO Box 43241,1305.61,0.42
9754,9690,504,2024-04-06 00:00:00,Suite 36,Suite 94,4097.52,4.52
4007,2169,845,2024-04-06 00:00:00,Room 769,Apt 599,4305.72,2.3
5205,4349,992,2024-04-06 00:00:00,Apt 1463,Apt 878,1172.62,2.93
3589,1656,493,2024-04-06 00:00:00,Room 1560,PO Box 12534,1902.61,2.16
9310,4736,917,2024-04-06 00:00:00,Room 376,PO Box 93665,4315.06,2.12
6365,3602,591,2024-04-06 00:00:00,Room 1748,Apt 1085,2655.93,1.41
6107,5644,652,2024-04-06 00:00:00,PO Box 87037,9th Floor,1129.88,4.96
2614,4707,962,2024-04-06 00:00:00,Room 1916,Suite 53,1299.75,0.23
1352,5794,963,2024-04-06 00:00:00,Room 1110,Room 1363,524.65,2.81
2407,2329,750,2024-04-06 00:00:00,Apt 1219,4th Floor,969.38,1.54
7113,7384,736,2024-04-06 00:00:00,13th Floor,PO Box 29969,2207.65,1.62
5950,9457,601,2024-04-06 00:00:00,17th Floor,1st Floor,206.97,2.49
6467,3768,566,2024-04-06 00:00:00,Room 1351,Apt 1888,4840.29,3.33
6187,6943,590,2024-04-06 00:00:00,6th Floor,PO Box 92331,317.3,1.61
9988,3624,410,2024-04-06 00:00:00,19th Floor,PO Box 107,2867.45,1.73
6939,5327,964,2024-04-06 00:00:00,Apt 1770,Apt 676,1874.91,3.78
3611,1385,882,2024-04-06 00:00:00,Apt 1456,Suite 68,4482.16,0.47
8785,9091,894,2024-04-06 00:00:00,Room 142,Suite 32,2999.06,3.28
9327,5393,986,2024-04-06 00:00:00,7th Floor,Room 949,1767.95,1.3
9477,3743,473,2024-04-06 00:00:00,Suite 25,Apt 558,4290.83,2.29
5358,5079,699,2024-04-06 00:00:00,PO Box 3695,Room 1183,1458.02,4.56
3107,9526,523,2024-04-06 00:00:00,Suite 100,Apt 1075,3105.43,3.35
4840,9309,387,2024-04-06 00:00:00,Suite 5,8th Floor,3568.96,3.23
1153,3874,807,2024-04-06 00:00:00,PO Box 52999,Apt 1309,2557.16,2.94
2706,1590,601,2024-04-06 00:00:00,18th Floor,19th Floor,959.72,3.16
9808,2183,526,2024-04-06 00:00:00,PO Box 53539,Apt 71,2291.53,3.34
4165,7911,334,2024-04-06 00:00:00,Apt 941,PO Box 79564,1350.89,2.64
9191,9585,873,2024-04-06 00:00:00,Apt 1067,Suite 9,1012.36,1.48
9529,7218,654,2024-04-06 00:00:00,4th Floor,Apt 475,4598.01,2.16
7963,9440,175,2024-04-06 00:00:00,Suite 49,Apt 318,1087.8,2.59
9711,5260,933,2024-04-06 00:00:00,Room 504,Suite 56,2407.64,3.24
2471,4461,733,2024-04-06 00:00:00,Apt 1446,Suite 18,2618.31,2.24
2862,5065,298,2024-04-06 00:00:00,Room 1813,Suite 31,1057.48,0.54
4387,7314,562,2024-04-06 00:00:00,13th Floor,Apt 1777,299.08,2.73
6043,4782,132,2024-04-06 00:00:00,Apt 1636,2nd Floor,2582.14,3.9
3284,8350,720,2024-04-06 00:00:00,2nd Floor,PO Box 34488,2624.33,4.64
1431,5001,923,2024-04-06 00:00:00,Room 1053,Apt 203,1699.2,2.4
7562,8192,532,2024-04-06 00:00:00,Apt 713,PO Box 6895,503.28,4.96
1274,2564,921,2024-04-06 00:00:00,Room 1869,Apt 740,914.69,3.53
3209,3125,325,2024-04-06 00:00:00,PO Box 95496,Apt 275,2653.41,4.82
7803,6601,147,2024-04-06 00:00:00,PO Box 87035,Room 235,3533.57,3.01
8115,8157,823,2024-04-06 00:00:00,Suite 50,Apt 1157,3131.22,0.38
8367,9606,834,2024-04-06 00:00:00,13th Floor,Room 524,797.27,4.07
9260,1056,154,2024-04-06 00:00:00,Apt 1279,PO Box 56204,1874.0,1.06
4291,6081,415,2024-04-06 00:00:00,PO Box 55604,17th Floor,279.52,4.21
8132,5264,500,2024-04-06 00:00:00,Suite 11,PO Box 76139,1647.64,4.55
3920,9763,919,2024-04-06 00:00:00,11th Floor,5th Floor,4781.03,2.76
3634,1212,660,2024-04-06 00:00:00,Suite 83,10th Floor,4173.68,4.6
6370,3362,777,2024-04-06 00:00:00,Room 1203,Suite 45,4150.51,2.58
5900,8652,331,2024-04-06 00:00:00,Apt 1252,Room 1865,4364.62,3.94
1006,2888,216,2024-04-06 00:00:00,PO Box 49808,Apt 1751,1329.25,0.4
8929,3234,626,2024-04-06 00:00:00,PO Box 77730,PO Box 78903,4669.5,1.23
4662,1794,457,2024-04-06 00:00:00,Apt 561,Apt 97,978.31,1.29
9261,2581,558,2024-04-06 00:00:00,PO Box 35462,Room 307,2456.31,2.91
3979,3318,389,2024-04-06 00:00:00,Suite 54,PO Box 24229,2086.0,1.77
6756,2927,505,2024-04-06 00:00:00,PO Box 48946,PO Box 16644,2262.16,3.18
7400,3060,622,2024-04-06 00:00:00,Suite 34,Apt 1435,572.39,3.62
4185,2548,796,2024-04-06 00:00:00,Apt 1204,Room 487,4904.5,3.43
9743,2440,716,2024-04-06 00:00:00,17th Floor,Suite 5,3320.68,1.19
3515,3747,510,2024-04-06 00:00:00,Room 1576,Apt 1923,2124.62,2.7
2963,3930,211,2024-04-06 00:00:00,Apt 496,Suite 82,1676.03,0.95
4825,5359,317,2024-04-06 00:00:00,Suite 68,18th Floor,3611.8,0.28
3145,3545,680,2024-04-06 00:00:00,2nd Floor,17th Floor,3040.06,4.31
2809,3658,245,2024-04-06 00:00:00,Room 1734,Apt 172,4871.32,2.15
2714,1346,256,2024-04-06 00:00:00,Room 834,Suite 78,2951.23,1.22
5143,9147,674,2024-04-06 00:00:00,Suite 32,Room 139,3835.24,2.35
4871,7776,204,2024-04-06 00:00:00,PO Box 48855,PO Box 79103,552.97,1.34
3383,6566,479,2024-04-06 00:00:00,20th Floor,Apt 615,733.0,2.82
9660,3329,821,2024-04-06 00:00:00,Apt 515,Apt 1071,959.34,1.82
3219,8661,439,2024-04-06 00:00:00,18th Floor,Room 1283,1378.68,4.81
1885,9018,160,2024-04-06 00:00:00,Suite 78,Room 1570,4123.73,1.38
3367,6872,689,2024-04-06 00:00:00,PO Box 44991,Apt 1466,2302.94,0.68
8667,2659,914,2024-04-06 00:00:00,PO Box 19280,Apt 1623,2836.05,4.54
2249,2873,746,2024-04-06 00:00:00,Room 547,Apt 1963,3876.9,3.39
4888,2947,304,2024-04-06 00:00:00,Apt 1885,Suite 31,2926.33,0.42
9750,1048,995,2024-04-06 00:00:00,Apt 1405,PO Box 77335,4163.54,1.53
1077,5576,328,2024-04-06 00:00:00,Apt 1878,PO Box 66815,119.6,0.8
2513,9604,771,2024-04-06 00:00:00,Room 221,PO Box 39586,2345.54,2.13
8168,3211,250,2024-04-06 00:00:00,Room 1208,9th Floor,3648.75,0.45
4294,2066,238,2024-04-06 00:00:00,PO Box 96859,Apt 495,695.88,2.65
2494,7913,228,2024-04-06 00:00:00,PO Box 31820,Room 943,359.13,1.52
6521,1731,764,2024-04-06 00:00:00,PO Box 45553,Room 25,2178.0,4.67
8425,9817,671,2024-04-06 00:00:00,Apt 145,Room 1733,4417.92,3.72
7479,9692,147,2024-04-06 00:00:00,PO Box 94438,Suite 11,1836.56,2.27
6695,2923,395,2024-04-06 00:00:00,13th Floor,Room 1096,3288.41,2.25
2604,2284,589,2024-04-06 00:00:00,PO Box 95330,Room 1385,831.12,0.65
6777,3743,869,2024-04-06 00:00:00,PO Box 52683,Room 1272,3972.07,1.03
4798,2393,167,2024-04-06 00:00:00,PO Box 69196,Room 319,4680.18,2.09
3173,2203,271,2024-04-06 00:00:00,Apt 1024,Room 320,3051.31,3.46
5238,4911,651,2024-04-06 00:00:00,PO Box 59609,Apt 1370,2551.49,1.39
2566,8477,121,2024-04-06 00:00:00,Suite 69,PO Box 2490,2964.02,2.16
3453,5033,730,2024-04-06 00:00:00,Apt 1345,Suite 96,1687.83,4.39
6317,9364,642,2024-04-06 00:00:00,Apt 593,Suite 49,4483.79,4.56
9329,1944,884,2024-04-06 00:00:00,Apt 408,Suite 23,4271.64,1.38
8161,1437,597,2024-04-06 00:00:00,Room 1439,Suite 8,4584.47,0.47
6697,9984,657,2024-04-06 00:00:00,Suite 33,Suite 24,676.9,2.9
5437,7318,890,2024-04-06 00:00:00,PO Box 47455,PO Box 31133,1491.19,4.93
7022,2878,727,2024-04-06 00:00:00,4th Floor,PO Box 64360,810.23,1.64
4423,9640,853,2024-04-06 00:00:00,1st Floor,Apt 1902,4959.47,1.18
8172,6351,788,2024-04-06 00:00:00,Suite 52,Apt 804,2406.81,0.66
1264,6409,783,2024-04-06 00:00:00,PO Box 49026,11th Floor,681.18,4.59
8566,3661,317,2024-04-06 00:00:00,8th Floor,PO Box 18588,1957.14,3.38
2590,7925,785,2024-04-06 00:00:00,Suite 91,Room 1584,1814.4,2.3
8067,1055,331,2024-04-06 00:00:00,Suite 43,Apt 945,3710.12,0.6
1210,8921,882,2024-04-06 00:00:00,PO Box 1977,Apt 1330,4055.63,3.62
2408,8979,236,2024-04-06 00:00:00,4th Floor,PO Box 17605,2730.99,3.35
7054,7110,916,2024-04-06 00:00:00,15th Floor,Apt 1513,1269.82,3.5
4872,9486,718,2024-04-06 00:00:00,Apt 1356,Apt 494,2058.31,2.38
7212,1085,913,2024-04-06 00:00:00,1st Floor,PO Box 53705,3491.34,3.36
2230,5427,916,2024-04-06 00:00:00,12th Floor,Suite 38,163.82,3.12
7153,7348,300,2024-04-06 00:00:00,Apt 1891,Room 859,1495.74,1.53
6916,9337,436,2024-04-06 00:00:00,Suite 13,Apt 29,2159.34,3.71
3691,4044,882,2024-04-06 00:00:00,Suite 15,8th Floor,1875.25,4.85
8068,9401,423,2024-04-06 00:00:00,Apt 1381,4th Floor,2412.04,3.98
2720,6892,174,2024-04-06 00:00:00,Apt 1098,PO Box 42342,473.04,2.48
9844,7234,251,2024-04-06 00:00:00,Apt 377,Apt 1427,2572.71,2.41
9654,8660,817,2024-04-06 00:00:00,Suite 58,Suite 22,4430.46,2.48
7631,4886,480,2024-04-06 00:00:00,Apt 1355,Apt 902,1984.04,3.52
2996,8516,122,2024-04-06 00:00:00,Suite 95,PO Box 23829,649.16,1.86
7353,5524,511,2024-04-06 00:00:00,Room 1008,Room 868,3421.91,0.88
8169,5559,271,2024-04-06 00:00:00,Suite 9,Room 1738,1034.49,2.72
3907,7098,762,2024-04-06 00:00:00,Room 1355,Apt 966,4265.71,0.2
9507,3149,592,2024-04-06 00:00:00,PO Box 5268,Room 685,4509.88,4.75
9628,3407,780,2024-04-06 00:00:00,Apt 1010,PO Box 24763,1095.95,3.04
1017,5142,973,2024-04-06 00:00:00,Room 1297,Suite 26,842.88,0.02
1388,6815,945,2024-04-06 00:00:00,PO Box 1255,Suite 17,4846.47,0.03
7143,3050,556,2024-04-06 00:00:00,PO Box 26758,19th Floor,91.4,4.52
9657,8805,933,2024-04-06 00:00:00,19th Floor,3rd Floor,2183.31,2.64
9823,8210,189,2024-04-06 00:00:00,2nd Floor,6th Floor,3681.66,1.96
6823,9280,929,2024-04-06 00:00:00,Room 1791,Room 273,4299.98,4.21
6689,6332,227,2024-04-06 00:00:00,Suite 36,6th Floor,211.47,0.45
9328,7048,103,2024-04-06 00:00:00,Room 1218,Apt 1446,3467.73,0.57
1919,3216,509,2024-04-06 00:00:00,Apt 1951,20th Floor,4708.43,2.54
7419,7000,574,2024-04-06 00:00:00,12th Floor,3rd Floor,90.53,1.67
1109,4632,525,2024-04-06 00:00:00,Suite 76,Apt 366,3761.88,4.31
3983,8956,120,2024-04-06 00:00:00,PO Box 46056,Apt 570,1190.66,4.39
6803,7476,769,2024-04-06 00:00:00,Suite 21,Room 1743,379.71,2.81
9628,8232,388,2024-04-06 00:00:00,19th Floor,Apt 379,4173.03,3.04
9620,3543,291,2024-04-06 00:00:00,13th Floor,PO Box 14401,4549.48,1.45
7800,7258,239,2024-04-06 00:00:00,PO Box 31292,18th Floor,339.34,3.69
7552,6033,313,2024-04-06 00:00:00,PO Box 54680,PO Box 61886,1003.45,1.09
6839,6542,855,2024-04-06 00:00:00,9th Floor,PO Box 86842,3169.55,3.03
3187,3282,339,2024-04-06 00:00:00,3rd Floor,Room 396,4885.36,3.8
5638,3944,871,2024-04-06 00:00:00,5th Floor,Room 1364,3023.69,2.36
3411,2901,111,2024-04-06 00:00:00,Apt 831,Room 74,2250.99,4.57
3228,5597,865,2024-04-06 00:00:00,Apt 662,PO Box 30826,2212.55,2.02
2680,3911,766,2024-04-06 00:00:00,Suite 83,Suite 16,3554.4,4.91
4875,8229,337,2024-04-06 00:00:00,PO Box 28914,Suite 89,2035.21,0.38
6379,3320,276,2024-04-06 00:00:00,Suite 26,PO Box 46581,47.94,3.72
6936,5248,170,2024-04-06 00:00:00,Suite 40,Apt 1617,45.29,3.14
4763,1880,795,2024-04-06 00:00:00,Apt 1806,Suite 4,4071.2,2.24
3523,6337,994,2024-04-06 00:00:00,PO Box 70524,Room 787,3734.38,4.29
5883,9248,227,2024-04-06 00:00:00,PO Box 63699,Suite 15,524.16,2.11
4514,4205,119,2024-04-06 00:00:00,Apt 397,Suite 70,3038.16,1.95
4290,5890,286,2024-04-06 00:00:00,11th Floor,Apt 821,28.92,3.32
3744,2141,401,2024-04-06 00:00:00,Apt 789,Suite 21,4446.97,0.4
7558,4708,737,2024-04-06 00:00:00,Apt 1600,Apt 1278,3319.11,3.54
1818,8199,654,2024-04-06 00:00:00,Suite 5,Apt 832,1396.62,3.77
9601,1301,492,2024-04-06 00:00:00,Suite 40,Suite 24,3834.27,0.05
5209,9871,778,2024-04-06 00:00:00,PO Box 82376,Apt 1241,1341.31,4.65
9327,4068,472,2024-04-06 00:00:00,Apt 1528,Apt 1584,3145.58,1.62
2734,8514,558,2024-04-06 00:00:00,PO Box 8000,Suite 97,2737.84,1.54
4690,7612,895,2024-04-06 00:00:00,Apt 1836,7th Floor,4814.61,3.22
2853,9679,293,2024-04-06 00:00:00,12th Floor,2nd Floor,2545.79,3.37
2962,4758,221,2024-04-06 00:00:00,16th Floor,8th Floor,1282.23,3.96
1062,9818,258,2024-04-06 00:00:00,Room 483,20th Floor,860.95,1.9
4569,6021,461,2024-04-06 00:00:00,Apt 1185,20th Floor,401.99,3.13
8503,7704,771,2024-04-06 00:00:00,PO Box 18570,Suite 16,2411.57,2.27
9607,3881,693,2024-04-06 00:00:00,Suite 72,Suite 29,3943.14,0.85
7153,6318,654,2024-04-06 00:00:00,Room 1047,PO Box 40160,1646.89,0.73
2176,1608,123,2024-04-06 00:00:00,1st Floor,Room 751,1511.29,2.74
4168,7139,121,2024-04-06 00:00:00,Suite 84,Room 888,3915.03,0.78
2520,9594,993,2024-04-06 00:00:00,2nd Floor,2nd Floor,2616.44,1.84
1852,7696,899,2024-04-06 00:00:00,Suite 35,Apt 1931,1504.91,2.39
5267,8977,230,2024-04-06 00:00:00,Suite 86,Apt 438,370.62,0.56
8021,8466,261,2024-04-06 00:00:00,Apt 1706,Apt 745,4785.43,0.38
5489,5669,633,2024-04-06 00:00:00,Apt 1719,Apt 201,1187.66,1.37
2336,1335,677,2024-04-06 00:00:00,Suite 28,Room 1627,2528.31,4.35
8671,6486,484,2024-04-06 00:00:00,Apt 1153,1st Floor,597.88,1.8
5016,1247,787,2024-04-06 00:00:00,PO Box 66351,5th Floor,4463.95,2.01
5249,6938,135,2024-04-06 00:00:00,Suite 65,Suite 97,571.06,2.74
9462,1767,245,2024-04-06 00:00:00,Room 1153,Suite 19,1713.28,0.64
3509,6475,251,2024-04-06 00:00:00,Suite 78,Apt 381,1289.38,0.62
2234,4330,896,2024-04-06 00:00:00,Suite 75,PO Box 27418,4964.06,2.55
9099,3553,614,2024-04-06 00:00:00,PO Box 9467,PO Box 16360,2972.35,2.15
9761,1230,785,2024-04-06 00:00:00,PO Box 2471,Room 1073,3264.97,2.59
6617,7657,470,2024-04-06 00:00:00,10th Floor,4th Floor,3191.56,2.86
9401,8939,219,2024-04-06 00:00:00,Room 477,Apt 1997,2109.1,2.84
7326,6699,609,2024-04-06 00:00:00,PO Box 51586,Apt 1058,4685.3,0.97
9376,1692,203,2024-04-06 00:00:00,Apt 1377,9th Floor,609.21,0.42
9494,6119,369,2024-04-06 00:00:00,Suite 72,Room 140,853.48,1.9
6404,9115,568,2024-04-06 00:00:00,Apt 755,Apt 224,1781.5,4.53
8905,4492,842,2024-04-06 00:00:00,Apt 1647,Room 1578,689.34,2.99
2489,5219,754,2024-04-06 00:00:00,Apt 1199,Apt 1999,1459.76,0.68
8761,3196,683,2024-04-06 00:00:00,PO Box 66343,Suite 50,4894.12,3.4
6506,2248,703,2024-04-06 00:00:00,Apt 1551,Suite 97,3232.26,0.7
1777,5196,661,2024-04-06 00:00:00,19th Floor,Suite 65,4288.65,3.19
4653,8161,876,2024-04-06 00:00:00,5th Floor,PO Box 21641,661.85,3.28
7776,6566,786,2024-04-06 00:00:00,Suite 71,Apt 1017,2272.43,4.89
3774,2154,495,2024-04-06 00:00:00,PO Box 59242,Room 1787,3360.06,3.07
2587,2043,961,2024-04-06 00:00:00,Room 1980,Suite 84,3819.62,2.18
9649,6734,884,2024-04-06 00:00:00,Room 134,Suite 18,4684.59,1.13
6439,7856,146,2024-04-06 00:00:00,Apt 1204,Room 692,987.73,3.67
6182,4377,195,2024-04-06 00:00:00,Apt 643,Apt 772,882.54,1.67
2227,9806,899,2024-04-06 00:00:00,PO Box 20608,Apt 980,4641.3,3.96
6910,4088,773,2024-04-06 00:00:00,Suite 92,Apt 496,479.68,2.0
2361,1887,916,2024-04-06 00:00:00,PO Box 65400,Room 282,1938.13,2.31
2607,2765,360,2024-04-06 00:00:00,Suite 23,Room 1905,3190.01,3.08
7054,3086,562,2024-04-06 00:00:00,Apt 1463,Suite 57,2169.93,3.71
7445,5294,613,2024-04-06 00:00:00,Suite 93,17th Floor,4646.06,1.59
6990,7244,950,2024-04-06 00:00:00,Suite 81,PO Box 49821,3099.44,0.78
9665,9794,785,2024-04-06 00:00:00,PO Box 49514,Room 1330,475.96,1.78
6076,4956,825,2024-04-06 00:00:00,Suite 60,Apt 1121,668.09,0.58
4407,8340,190,2024-04-06 00:00:00,19th Floor,PO Box 23127,3895.49,4.14
9705,1354,675,2024-04-06 00:00:00,Suite 84,Room 330,2701.36,0.24
9665,2097,232,2024-04-06 00:00:00,Apt 542,Apt 379,660.51,3.21
9404,2314,382,2024-04-06 00:00:00,Suite 85,Suite 92,4846.92,1.52
1830,9300,756,2024-04-06 00:00:00,Room 1438,18th Floor,1905.27,2.33
7648,4779,281,2024-04-06 00:00:00,14th Floor,Suite 8,1006.13,4.18
5131,6058,556,2024-04-06 00:00:00,Suite 85,Room 210,3034.98,1.9
8358,8276,812,2024-04-06 00:00:00,PO Box 1038,Suite 78,780.32,4.13
9655,3884,183,2024-04-06 00:00:00,Suite 97,Suite 5,4507.96,3.51
1490,2823,212,2024-04-06 00:00:00,Apt 882,Suite 64,1623.7,3.16
6921,6382,300,2024-04-06 00:00:00,Apt 438,Room 1346,2228.23,4.89
2477,2769,229,2024-04-06 00:00:00,Suite 26,PO Box 42257,446.15,3.01
6095,2000,896,2024-04-06 00:00:00,Room 570,Room 19,4616.96,3.06
1620,1070,338,2024-04-06 00:00:00,Room 1548,Suite 24,831.87,4.38
2912,4228,516,2024-04-06 00:00:00,3rd Floor,2nd Floor,2211.03,4.08
1976,7459,530,2024-04-06 00:00:00,PO Box 17345,Suite 29,811.73,3.54
2270,5124,510,2024-04-06 00:00:00,Apt 1576,Suite 80,1847.12,2.55
8791,6042,849,2024-04-06 00:00:00,PO Box 49209,PO Box 75168,247.14,4.5
4099,1045,665,2024-04-06 00:00:00,14th Floor,Room 725,346.25,2.07
5072,1966,904,2024-04-06 00:00:00,Apt 1205,PO Box 52651,4020.84,3.6
6710,9538,894,2024-04-06 00:00:00,Apt 869,8th Floor,1085.37,4.75
2935,1954,819,2024-04-06 00:00:00,PO Box 82202,PO Box 95296,2823.53,0.52
4714,3532,934,2024-04-06 00:00:00,Room 305,12th Floor,189.12,2.11
3379,7427,656,2024-04-06 00:00:00,PO Box 89245,Apt 752,2704.15,0.14
5749,2105,592,2024-04-06 00:00:00,Apt 1415,Suite 91,2176.98,1.4
5991,7045,216,2024-04-06 00:00:00,Suite 57,Apt 610,1257.96,0.46
2134,4401,703,2024-04-06 00:00:00,PO Box 20753,Suite 31,4812.93,1.15
4570,6999,208,2024-04-06 00:00:00,9th Floor,9th Floor,3347.98,0.31
8215,6466,150,2024-04-06 00:00:00,Apt 542,Suite 13,1424.46,1.42
6058,5055,174,2024-04-06 00:00:00,PO Box 27269,Apt 602,2837.85,0.75
4095,4980,473,2024-04-06 00:00:00,Apt 335,Apt 1545,2755.75,3.75
9613,6634,867,2024-04-06 00:00:00,Suite 85,Room 176,4497.47,4.71
1852,7425,503,2024-04-06 00:00:00,PO Box 82636,Suite 78,1421.38,3.61
1108,1468,264,2024-04-06 00:00:00,Apt 1857,Suite 48,1541.64,1.11
2768,6835,175,2024-04-06 00:00:00,Apt 232,PO Box 56047,732.05,0.14
5020,3071,899,2024-04-06 00:00:00,Suite 82,5th Floor,1999.45,3.6
1936,1767,380,2024-04-06 00:00:00,Apt 209,Apt 1258,2436.54,0.65
4156,9146,945,2024-04-06 00:00:00,PO Box 75301,Room 773,4653.76,2.55
1696,2630,941,2024-04-06 00:00:00,PO Box 9393,Suite 22,4609.3,3.71
4615,7860,355,2024-04-06 00:00:00,Apt 347,PO Box 81359,3401.23,0.5
7395,8682,370,2024-04-06 00:00:00,Suite 84,15th Floor,4886.06,3.14
6374,3802,575,2024-04-06 00:00:00,3rd Floor,Suite 25,785.7,4.96
6636,3764,148,2024-04-06 00:00:00,Room 832,PO Box 64147,1157.34,1.43
9974,3449,947,2024-04-06 00:00:00,Suite 75,Suite 72,3734.41,1.35
6110,4190,642,2024-04-06 00:00:00,8th Floor,PO Box 38970,2026.44,2.67
2539,7727,885,2024-04-06 00:00:00,Suite 62,PO Box 35578,3605.52,4.6
2804,4079,801,2024-04-06 00:00:00,Suite 89,Apt 1304,3316.35,4.97
2311,5243,850,2024-04-06 00:00:00,Suite 12,19th Floor,1900.03,4.32
2181,3098,116,2024-04-06 00:00:00,Apt 1381,PO Box 48213,3859.77,3.4
2714,6621,538,2024-04-06 00:00:00,Room 907,PO Box 17855,4552.8,2.63
9282,3213,679,2024-04-06 00:00:00,PO Box 68811,Apt 1541,2745.99,4.89
7709,8049,390,2024-04-06 00:00:00,Suite 1,Suite 55,4651.79,0.16
8731,8018,557,2024-04-06 00:00:00,6th Floor,Room 1222,2484.67,1.32
7757,2644,791,2024-04-06 00:00:00,Suite 16,Suite 26,2973.91,4.54
4651,9185,769,2024-04-06 00:00:00,Apt 280,PO Box 73887,4488.54,4.31
8226,6218,498,2024-04-06 00:00:00,12th Floor,Room 1190,4362.66,3.39
8467,9918,869,2024-04-06 00:00:00,PO Box 84930,PO Box 48224,3349.92,0.44
5853,8025,652,2024-04-06 00:00:00,5th Floor,Suite 18,4144.43,1.36
2215,8812,546,2024-04-06 00:00:00,5th Floor,Apt 216,4891.55,2.8
5513,7369,842,2024-04-06 00:00:00,8th Floor,Apt 624,73.86,1.45
4570,6927,306,2024-04-06 00:00:00,Apt 629,Room 288,2378.4,1.72
6264,5679,490,2024-04-06 00:00:00,PO Box 43593,PO Box 98030,1991.9,0.49
6443,5005,319,2024-04-06 00:00:00,Room 1770,Room 1995,4399.28,0.44
8849,1727,972,2024-04-06 00:00:00,Suite 6,Apt 520,1773.34,1.72
5734,6534,275,2024-04-06 00:00:00,Room 1298,Room 91,3316.99,3.56
1031,6798,869,2024-04-06 00:00:00,Suite 16,12th Floor,1367.38,1.92
8889,3097,709,2024-04-06 00:00:00,Room 848,9th Floor,1800.27,3.81
5084,8666,459,2024-04-06 00:00:00,12th Floor,Room 658,4983.25,3.69
9062,6339,542,2024-04-06 00:00:00,Room 497,Suite 91,4387.88,2.77
4124,7741,180,2024-04-06 00:00:00,Suite 13,7th Floor,4831.74,3.19
5455,6640,370,2024-04-06 00:00:00,Apt 406,Room 622,1752.28,1.7
1043,3149,989,2024-04-06 00:00:00,PO Box 74921,Room 1070,4551.76,2.21
2335,9406,250,2024-04-06 00:00:00,Suite 82,Suite 4,960.82,1.45
9634,7129,997,2024-04-06 00:00:00,Suite 85,Suite 43,435.0,0.92
6932,3502,563,2024-04-06 00:00:00,PO Box 15154,Room 1685,1303.6,0.94
9845,8866,887,2024-04-06 00:00:00,Suite 48,1st Floor,2607.2,1.35
8758,1751,534,2024-04-06 00:00:00,16th Floor,Suite 93,1021.01,3.28
7107,9288,799,2024-04-06 00:00:00,PO Box 6980,Apt 1477,3815.57,0.76
1144,9997,393,2024-04-06 00:00:00,PO Box 11778,Suite 79,179.16,2.66
7954,9002,162,2024-04-06 00:00:00,6th Floor,Room 532,289.21,3.81
6820,6565,876,2024-04-06 00:00:00,Room 1577,PO Box 95447,3979.72,1.06
8832,3124,547,2024-04-06 00:00:00,Room 552,Suite 5,4049.45,2.91
4926,1908,202,2024-04-06 00:00:00,PO Box 23260,6th Floor,376.12,4.97
3658,3845,211,2024-04-06 00:00:00,Suite 14,15th Floor,4830.15,3.06
3948,8026,976,2024-04-06 00:00:00,9th Floor,Room 1674,1697.47,0.49
8061,2701,785,2024-04-06 00:00:00,1st Floor,Apt 120,1018.96,2.25
6573,9788,343,2024-04-06 00:00:00,11th Floor,4th Floor,2958.64,2.79
6560,4096,281,2024-04-06 00:00:00,Suite 48,Apt 434,4740.16,2.14
7031,8485,456,2024-04-06 00:00:00,Apt 1680,Suite 5,4273.09,2.49
5582,9352,637,2024-04-06 00:00:00,Apt 816,Room 923,2519.13,3.09
9500,2978,274,2024-04-06 00:00:00,Suite 46,Room 770,2775.17,4.64
8010,2813,767,2024-04-06 00:00:00,PO Box 58688,18th Floor,2039.15,0.41
9583,4323,622,2024-04-06 00:00:00,Suite 49,PO Box 29885,1455.58,1.22
7359,3826,471,2024-04-06 00:00:00,Room 470,20th Floor,315.07,4.33
1485,1772,912,2024-04-06 00:00:00,PO Box 5002,Room 1984,520.3,0.28
9658,2996,406,2024-04-06 00:00:00,Suite 64,Suite 58,1212.71,0.18
3979,5622,243,2024-04-06 00:00:00,18th Floor,Room 760,2933.91,3.8
3239,5409,902,2024-04-06 00:00:00,PO Box 4058,9th Floor,3189.65,1.92
6193,5537,325,2024-04-06 00:00:00,PO Box 8091,Apt 78,221.06,3.28
8305,7863,429,2024-04-06 00:00:00,PO Box 29771,Room 1320,4547.9,0.33
7687,7728,625,2024-04-06 00:00:00,Suite 12,PO Box 56985,1895.94,1.01
4987,1846,591,2024-04-06 00:00:00,Suite 80,Room 505,1588.9,2.2
2403,2779,752,2024-04-06 00:00:00,Room 1298,PO Box 72813,1929.86,2.74
4484,8020,208,2024-04-06 00:00:00,PO Box 96828,Suite 1,4280.87,0.91
1170,2449,404,2024-04-06 00:00:00,5th Floor,1st Floor,3682.37,0.13
9968,8193,603,2024-04-06 00:00:00,Room 554,7th Floor,3516.92,4.8
9554,3617,552,2024-04-06 00:00:00,3rd Floor,Apt 304,286.81,0.63
9607,8447,678,2024-04-06 00:00:00,Room 348,17th Floor,2366.92,4.87
7532,8308,799,2024-04-06 00:00:00,PO Box 31232,Room 170,3736.18,2.27
2570,7539,254,2024-04-06 00:00:00,Room 898,PO Box 39786,55.9,2.51
8768,5278,474,2024-04-06 00:00:00,19th Floor,Room 659,4663.76,3.57
6928,5949,269,2024-04-06 00:00:00,PO Box 83783,6th Floor,4840.91,1.82
7746,8053,104,2024-04-06 00:00:00,PO Box 57885,Room 1567,2076.27,1.51
7209,7821,211,2024-04-06 00:00:00,18th Floor,Room 1826,3432.77,0.25
9551,3580,538,2024-04-06 00:00:00,Apt 1885,Room 1916,1630.07,2.7
1421,6617,125,2024-04-06 00:00:00,Suite 57,Suite 32,2065.8,4.75
6763,9400,675,2024-04-06 00:00:00,PO Box 98071,Suite 79,182.02,0.48
6800,7102,377,2024-04-06 00:00:00,Suite 28,13th Floor,2645.41,1.6
9476,2365,350,2024-04-06 00:00:00,17th Floor,19th Floor,2047.22,2.4
1741,5590,774,2024-04-06 00:00:00,Room 1431,Apt 247,4001.94,0.04
5686,3348,796,2024-04-06 00:00:00,PO Box 60551,Room 1807,2480.29,3.14
5976,6079,105,2024-04-06 00:00:00,PO Box 91684,Room 1239,3933.78,3.24
5710,1780,192,2024-04-06 00:00:00,Suite 93,PO Box 4470,2453.72,4.56
5816,5906,733,2024-04-06 00:00:00,Suite 64,Room 323,3674.81,0.17
6057,3345,892,2024-04-06 00:00:00,PO Box 32836,PO Box 39830,309.18,1.95
4283,4744,414,2024-04-06 00:00:00,Apt 1349,Room 123,3551.15,0.38
5913,5253,549,2024-04-06 00:00:00,10th Floor,Room 1832,2916.2,0.74
3260,1805,680,2024-04-06 00:00:00,Room 156,Apt 1507,2698.37,0.99
6796,6941,990,2024-04-06 00:00:00,6th Floor,2nd Floor,4896.64,0.64
2147,4401,843,2024-04-06 00:00:00,2nd Floor,Suite 2,768.2,4.45
4280,7707,408,2024-04-06 00:00:00,Suite 81,Apt 1982,2166.52,4.79
3386,9438,352,2024-04-06 00:00:00,17th Floor,Apt 1974,1599.08,0.07
4446,3351,602,2024-04-06 00:00:00,Suite 37,Apt 919,1603.54,2.14
4863,5172,627,2024-04-06 00:00:00,PO Box 83532,Apt 938,452.83,2.37
1117,1271,600,2024-04-06 00:00:00,Room 792,Suite 42,1667.41,3.47
5199,1497,137,2024-04-06 00:00:00,Room 1841,Suite 41,1423.09,2.64
3722,5635,216,2024-04-06 00:00:00,7th Floor,PO Box 10116,1449.76,3.46
4773,1960,560,2024-04-06 00:00:00,Suite 3,Suite 62,4364.56,3.85
8753,1558,152,2024-04-06 00:00:00,20th Floor,Suite 34,2995.51,3.65
3380,1354,489,2024-04-06 00:00:00,2nd Floor,Apt 1433,236.6,0.45
3639,9226,705,2024-04-06 00:00:00,Room 1554,5th Floor,1930.87,3.39
7625,9386,642,2024-04-06 00:00:00,Room 1450,Suite 18,4582.2,4.44
8031,9522,753,2024-04-06 00:00:00,Suite 65,11th Floor,3642.32,1.85
4559,9368,511,2024-04-06 00:00:00,Suite 46,Suite 76,607.76,3.81
7473,6251,108,2024-04-06 00:00:00,1st Floor,Room 641,3735.1,2.82
4544,7804,400,2024-04-06 00:00:00,Apt 1492,Room 1695,4704.12,4.94
2347,3316,291,2024-04-06 00:00:00,Suite 37,Apt 4,2062.19,1.48
8136,3880,792,2024-04-06 00:00:00,PO Box 213,Room 626,4009.94,4.79
3083,2826,345,2024-04-06 00:00:00,Apt 490,PO Box 27369,926.47,0.07
8315,8531,213,2024-04-06 00:00:00,13th Floor,4th Floor,251.87,3.46
7550,5682,971,2024-04-06 00:00:00,PO Box 56209,Apt 1730,4714.13,3.12
2810,2659,510,2024-04-06 00:00:00,PO Box 53814,1st Floor,644.04,4.15
8448,9077,943,2024-04-06 00:00:00,Suite 33,PO Box 13585,3211.6,2.38
6972,5418,968,2024-04-06 00:00:00,Room 1366,Room 362,1231.72,4.74
9833,4514,570,2024-04-06 00:00:00,PO Box 36892,Apt 1825,2814.28,0.92
1025,8738,227,2024-04-06 00:00:00,Suite 2,12th Floor,1952.3,3.5
2211,7792,562,2024-04-06 00:00:00,Room 12,Room 1257,780.51,4.54
6296,7596,833,2024-04-06 00:00:00,Suite 56,Suite 66,2742.98,1.76
9680,4508,661,2024-04-06 00:00:00,Suite 61,Apt 384,1119.1,4.22
8175,6433,532,2024-04-06 00:00:00,PO Box 36574,4th Floor,706.52,3.67
4465,1236,760,2024-04-06 00:00:00,Suite 67,Room 563,644.59,4.57
6434,4961,612,2024-04-06 00:00:00,Apt 516,Room 1832,3320.42,2.0
6475,6380,721,2024-04-06 00:00:00,2nd Floor,Room 1088,3777.71,4.71
9500,7989,226,2024-04-06 00:00:00,Suite 8,Room 649,2400.34,3.51
7527,4547,874,2024-04-06 00:00:00,Suite 25,PO Box 47351,2937.92,3.63
3595,4762,341,2024-04-06 00:00:00,1st Floor,PO Box 28275,105.59,3.85
2340,7826,523,2024-04-06 00:00:00,PO Box 45757,PO Box 63735,3427.07,0.34
5656,5944,629,2024-04-06 00:00:00,Room 1928,Suite 85,1277.31,3.3
4192,2791,993,2024-04-06 00:00:00,Suite 49,Room 1167,1567.08,1.19
8509,1639,375,2024-04-06 00:00:00,PO Box 63734,Room 441,4601.53,3.18
5387,3624,433,2024-04-06 00:00:00,Apt 1169,Apt 1465,1049.32,1.19
4064,5655,846,2024-04-06 00:00:00,Room 1778,Apt 1792,1173.63,3.52
8124,8376,489,2024-04-06 00:00:00,PO Box 94912,Suite 20,4015.5,2.76
9182,6488,399,2024-04-06 00:00:00,Apt 881,PO Box 94693,3684.77,0.81
4665,3647,971,2024-04-06 00:00:00,Apt 563,Room 1780,4022.27,4.24
2629,8539,248,2024-04-06 00:00:00,Room 1956,PO Box 46537,1366.13,1.57
4257,8815,967,2024-04-06 00:00:00,Suite 96,Suite 8,3028.8,2.92
8266,5012,232,2024-04-06 00:00:00,5th Floor,Apt 1965,1928.52,2.34
3246,9500,908,2024-04-06 00:00:00,Room 1112,Suite 33,2725.31,2.95
9321,8827,456,2024-04-06 00:00:00,Apt 449,12th Floor,2289.66,4.81
1605,8292,589,2024-04-06 00:00:00,12th Floor,Apt 1959,122.49,3.64
5493,3154,429,2024-04-06 00:00:00,Suite 37,Room 842,2829.7,4.13
2322,7327,423,2024-04-06 00:00:00,Apt 48,Apt 1603,194.0,4.15
8435,6290,348,2024-04-06 00:00:00,PO Box 84538,Apt 1781,3605.05,4.46
7763,3976,255,2024-04-06 00:00:00,Room 306,Apt 655,4051.76,2.0
7297,7782,373,2024-04-06 00:00:00,PO Box 71376,Apt 396,2340.6,4.85
5546,4389,735,2024-04-06 00:00:00,Room 484,13th Floor,4077.61,3.04
8485,4382,895,2024-04-06 00:00:00,3rd Floor,17th Floor,1620.71,1.12
3208,1027,237,2024-04-06 00:00:00,Suite 87,Room 1867,145.68,0.87
5745,4998,603,2024-04-06 00:00:00,Apt 1699,PO Box 48412,1202.79,1.05
9584,3382,502,2024-04-06 00:00:00,Suite 97,PO Box 75128,4104.62,1.96
4609,8095,637,2024-04-06 00:00:00,5th Floor,PO Box 99220,2376.78,2.97
7117,4631,874,2024-04-06 00:00:00,Apt 282,Room 575,4780.23,1.44
1986,9132,935,2024-04-06 00:00:00,Apt 874,11th Floor,2385.48,3.11
4139,9021,353,2024-04-06 00:00:00,Apt 621,Room 699,2121.8,2.44
5285,8380,847,2024-04-06 00:00:00,Apt 832,Room 466,3742.2,0.13
9165,6977,520,2024-04-06 00:00:00,Room 1942,Room 1884,2680.91,4.5
6709,9664,365,2024-04-06 00:00:00,Suite 29,Apt 1626,2923.51,0.98
4249,8635,974,2024-04-06 00:00:00,Room 982,11th Floor,1983.5,4.41
9108,1673,553,2024-04-06 00:00:00,Room 740,7th Floor,145.82,2.92
2092,4934,935,2024-04-06 00:00:00,9th Floor,Room 186,2332.69,0.27
7683,4261,405,2024-04-06 00:00:00,PO Box 23952,Room 666,4811.66,4.65
5090,8720,222,2024-04-06 00:00:00,PO Box 43519,19th Floor,1512.36,3.74
1871,6214,118,2024-04-06 00:00:00,Apt 463,Room 493,1286.33,0.84
6875,7315,231,2024-04-06 00:00:00,Room 418,Apt 1815,2094.86,0.21
2395,3326,754,2024-04-06 00:00:00,Suite 99,Suite 94,4712.26,4.91
7895,3256,118,2024-04-06 00:00:00,Apt 638,PO Box 3495,3957.29,0.71
9261,1296,375,2024-04-06 00:00:00,PO Box 29414,Suite 27,1747.37,3.91
6724,8978,960,2024-04-06 00:00:00,Suite 73,PO Box 89848,2892.69,1.13
7141,6659,767,2024-04-06 00:00:00,Suite 45,Room 1360,1610.36,4.02
8559,8256,830,2024-04-06 00:00:00,12th Floor,Suite 24,4251.9,1.22
9770,9775,955,2024-04-06 00:00:00,Apt 1310,18th Floor,3976.78,1.56
7109,6479,420,2024-04-06 00:00:00,Suite 37,Room 1555,24.55,3.77
7392,5089,125,2024-04-06 00:00:00,Suite 99,Room 1016,549.51,2.08
7600,2416,534,2024-04-06 00:00:00,Suite 60,Apt 634,1219.71,2.61
7125,5692,130,2024-04-06 00:00:00,4th Floor,Suite 46,4853.21,1.58
4864,3769,679,2024-04-06 00:00:00,Room 953,PO Box 12924,3672.69,4.48
5076,3649,502,2024-04-06 00:00:00,Room 1183,Apt 1705,3843.56,2.82
1098,3066,556,2024-04-06 00:00:00,Room 331,12th Floor,3041.18,4.31
6371,4326,515,2024-04-06 00:00:00,Apt 1122,Apt 1057,1728.34,2.05
1257,6628,461,2024-04-06 00:00:00,Suite 46,Room 608,200.02,4.97
2948,8208,547,2024-04-06 00:00:00,Room 1839,Room 858,2862.94,1.22
4605,5799,248,2024-04-06 00:00:00,Room 1746,1st Floor,2426.31,4.9
3000,8336,401,2024-04-06 00:00:00,6th Floor,Room 1192,3886.99,0.72
3908,7673,194,2024-04-06 00:00:00,Room 419,PO Box 12081,687.15,1.46
8095,3393,320,2024-04-06 00:00:00,14th Floor,Room 1761,379.99,0.69
1668,1101,215,2024-04-06 00:00:00,PO Box 20632,Apt 1906,3065.03,3.41
1752,9606,372,2024-04-06 00:00:00,Suite 10,Apt 1393,2862.56,2.75
1846,1402,741,2024-04-06 00:00:00,Apt 555,PO Box 11763,2376.9,2.32
3714,5030,427,2024-04-06 00:00:00,4th Floor,Apt 1564,4414.03,0.0
5288,8170,630,2024-04-06 00:00:00,Room 1688,Apt 1516,1390.0,1.95
1236,1544,742,2024-04-06 00:00:00,PO Box 8228,PO Box 75715,1009.42,0.63
9267,5693,712,2024-04-06 00:00:00,Suite 82,13th Floor,539.94,4.4
4691,2079,225,2024-04-06 00:00:00,Apt 561,Suite 64,3863.29,3.77
8227,3451,302,2024-04-06 00:00:00,Suite 67,Room 264,1846.86,1.68
7599,3056,469,2024-04-06 00:00:00,Apt 1000,Apt 1066,4897.42,3.48
6203,9006,672,2024-04-06 00:00:00,Room 1561,4th Floor,4213.19,2.67
5592,5489,158,2024-04-06 00:00:00,PO Box 27861,Apt 1618,2654.8,3.49
9370,1812,953,2024-04-06 00:00:00,Room 397,Room 391,1254.15,4.67
3446,2341,564,2024-04-06 00:00:00,Room 1074,12th Floor,1648.99,2.75
5669,2755,665,2024-04-06 00:00:00,Apt 234,PO Box 95693,3491.43,3.95
9835,7585,555,2024-04-06 00:00:00,Room 1406,PO Box 77079,97.6,0.37
2268,5673,494,2024-04-06 00:00:00,Apt 1981,PO Box 97328,1910.26,0.22
4569,8114,919,2024-04-06 00:00:00,Room 391,Suite 40,595.76,0.91
9392,4469,137,2024-04-06 00:00:00,Apt 689,Room 253,79.03,3.2
6431,2825,735,2024-04-06 00:00:00,Apt 1274,Suite 13,3874.69,0.67
2366,3657,137,2024-04-06 00:00:00,Suite 89,2nd Floor,4014.09,0.76
4414,1667,987,2024-04-06 00:00:00,Room 1210,Room 1844,3509.24,0.52
8874,7662,458,2024-04-06 00:00:00,Room 1882,Room 725,123.58,0.3
6763,1055,186,2024-04-06 00:00:00,Room 1479,PO Box 29736,4250.19,2.64
1534,5278,470,2024-04-06 00:00:00,PO Box 82866,Apt 69,254.7,1.47
5949,1572,228,2024-04-06 00:00:00,PO Box 87188,Apt 721,3207.26,4.97
2281,7348,790,2024-04-06 00:00:00,PO Box 9774,PO Box 40342,2310.33,2.38
5081,9020,230,2024-04-06 00:00:00,Suite 64,PO Box 43164,4615.55,0.44
2590,8685,433,2024-04-06 00:00:00,PO Box 52595,Suite 73,2550.88,2.77
3491,2950,449,2024-04-06 00:00:00,Room 660,19th Floor,4823.03,1.42
1538,2922,423,2024-04-06 00:00:00,PO Box 63630,PO Box 53350,1951.72,0.44
1140,3916,674,2024-04-06 00:00:00,Apt 1296,PO Box 52451,3778.66,2.77
9204,2142,900,2024-04-06 00:00:00,Room 1122,15th Floor,3767.01,3.87
8781,8094,586,2024-04-06 00:00:00,PO Box 51292,Suite 76,207.67,1.58
3348,1047,101,2024-04-06 00:00:00,PO Box 1641,PO Box 41225,409.97,0.81
4188,7957,104,2024-04-06 00:00:00,18th Floor,Room 1485,4132.77,3.15
9224,7983,815,2024-04-06 00:00:00,Apt 1851,PO Box 40185,1586.4,2.61
5004,5228,855,2024-04-06 00:00:00,Apt 717,Apt 1856,4901.58,1.67
4253,7628,227,2024-04-06 00:00:00,7th Floor,PO Box 53656,3717.52,1.46
1171,7464,898,2024-04-06 00:00:00,Apt 751,Room 590,906.49,3.72
3764,4620,345,2024-04-06 00:00:00,Suite 57,PO Box 80721,1428.0,0.13
2942,3882,721,2024-04-06 00:00:00,PO Box 46052,Room 114,2177.39,1.74
2201,8826,200,2024-04-06 00:00:00,Apt 1452,20th Floor,1561.58,1.76
1559,1061,115,2024-04-06 00:00:00,Apt 1361,Room 490,3103.62,4.73
8177,2485,159,2024-04-06 00:00:00,Suite 56,2nd Floor,460.31,4.15
6061,3081,665,2024-04-06 00:00:00,Suite 46,PO Box 30307,3019.22,2.39
7827,2446,626,2024-04-06 00:00:00,13th Floor,Room 499,4093.67,4.68
9043,7443,691,2024-04-06 00:00:00,2nd Floor,20th Floor,2174.44,2.94
9646,3784,722,2024-04-06 00:00:00,PO Box 5427,Suite 76,643.83,4.52
7036,3163,151,2024-04-06 00:00:00,Apt 1498,Suite 65,2789.87,2.27
3704,6197,230,2024-04-06 00:00:00,Room 416,Room 584,2241.17,1.72
7136,6970,515,2024-04-06 00:00:00,18th Floor,Apt 255,3242.4,3.57
2010,9321,357,2024-04-06 00:00:00,Suite 35,Room 1447,3395.76,1.37
1633,2446,106,2024-04-06 00:00:00,Apt 1504,20th Floor,1020.48,4.01
1648,2112,378,2024-04-06 00:00:00,Room 828,PO Box 8421,3593.35,4.73
2380,8517,337,2024-04-06 00:00:00,Apt 1002,Room 409,588.06,3.46
7070,3102,893,2024-04-06 00:00:00,Suite 41,Suite 70,4316.14,0.2
1633,3551,101,2024-04-06 00:00:00,Suite 18,Suite 7,4930.67,3.77
4775,7504,518,2024-04-06 00:00:00,Apt 659,Suite 55,4545.53,2.58
4717,6623,499,2024-04-06 00:00:00,Suite 38,Apt 244,1648.33,4.28
3615,5946,653,2024-04-06 00:00:00,PO Box 55068,PO Box 8633,2264.06,4.59
5078,8886,378,2024-04-06 00:00:00,Suite 42,Suite 52,2817.61,4.09
6485,2918,934,2024-04-06 00:00:00,PO Box 59788,PO Box 3784,2026.7,4.42
5917,3285,821,2024-04-06 00:00:00,Apt 770,13th Floor,3884.19,0.34
1385,3711,764,2024-04-06 00:00:00,Apt 1435,14th Floor,3782.59,2.73
8165,3850,787,2024-04-06 00:00:00,Room 766,Room 295,4856.36,2.25
8285,6775,569,2024-04-06 00:00:00,Apt 1097,4th Floor,4966.45,0.21
7515,7278,145,2024-04-06 00:00:00,PO Box 40254,Apt 1348,3758.79,2.49
3650,5127,209,2024-04-06 00:00:00,PO Box 65312,Suite 27,3854.6,3.32
9461,2578,174,2024-04-06 00:00:00,PO Box 55324,4th Floor,3557.24,4.69
3275,5607,723,2024-04-06 00:00:00,Room 1276,Apt 1106,705.3,3.83
5989,3127,371,2024-04-06 00:00:00,PO Box 77003,Room 1041,1581.31,2.64
9404,2758,790,2024-04-06 00:00:00,Suite 29,Room 918,2862.85,1.67
3682,1207,539,2024-04-06 00:00:00,Room 573,Room 1245,2968.65,3.22
6169,3093,518,2024-04-06 00:00:00,Suite 61,Apt 254,2425.57,0.44
9236,8355,883,2024-04-06 00:00:00,Apt 1668,Apt 770,589.68,3.03
9746,7070,534,2024-04-06 00:00:00,Apt 564,Apt 991,4307.9,4.68
7298,1678,414,2024-04-06 00:00:00,2nd Floor,PO Box 54321,289.68,1.14
1976,9351,564,2024-04-06 00:00:00,Room 156,Suite 76,1383.84,3.48
2354,5361,835,2024-04-06 00:00:00,Suite 79,PO Box 53246,321.02,0.95
9481,5696,833,2024-04-06 00:00:00,PO Box 68522,4th Floor,2626.7,3.49
6204,5332,121,2024-04-06 00:00:00,Room 1173,Apt 1789,394.87,4.73
3640,2679,301,2024-04-06 00:00:00,Suite 57,9th Floor,4376.39,0.76
3487,3287,346,2024-04-06 00:00:00,PO Box 58059,Room 1142,13.56,1.81
9338,1395,953,2024-04-06 00:00:00,Suite 35,6th Floor,1614.96,3.34
4443,8251,983,2024-04-06 00:00:00,Room 480,Suite 20,1157.1,3.77
6528,1738,626,2024-04-06 00:00:00,19th Floor,Room 1774,1942.88,0.19
1797,2894,548,2024-04-06 00:00:00,Room 860,PO Box 29409,4043.6,4.74
2970,6841,922,2024-04-06 00:00:00,11th Floor,Room 241,4991.07,1.09
6314,8604,197,2024-04-06 00:00:00,16th Floor,PO Box 23090,1801.99,3.46
8566,1038,273,2024-04-06 00:00:00,Suite 37,11th Floor,3992.26,0.78
7934,4151,507,2024-04-06 00:00:00,PO Box 51829,Suite 51,4881.91,1.48
8129,4389,480,2024-04-06 00:00:00,Suite 39,PO Box 35260,1038.62,3.83
1417,1073,206,2024-04-06 00:00:00,Apt 1164,PO Box 91464,2035.72,4.12
9280,6797,524,2024-04-06 00:00:00,Apt 211,PO Box 33448,1952.08,0.77
1904,4079,544,2024-04-06 00:00:00,Room 1012,Suite 40,2447.28,1.14
6456,9302,597,2024-04-06 00:00:00,Room 1104,Apt 1062,1185.33,1.41
8337,2385,892,2024-04-06 00:00:00,PO Box 37068,Suite 15,4079.68,2.95
5003,2455,500,2024-04-06 00:00:00,Suite 42,Apt 457,3177.45,4.26
2403,4507,250,2024-04-06 00:00:00,Apt 300,Suite 36,1797.6,2.25
3673,6577,501,2024-04-06 00:00:00,Suite 82,Suite 6,4272.07,2.93
8136,2925,716,2024-04-06 00:00:00,Suite 58,Room 70,2973.76,2.86
6533,6999,390,2024-04-06 00:00:00,PO Box 15362,Apt 1085,2475.72,3.97
2278,9052,333,2024-04-06 00:00:00,PO Box 7401,Apt 776,1096.22,2.0
4599,1880,171,2024-04-06 00:00:00,Suite 20,2nd Floor,1667.61,1.71
7150,3277,683,2024-04-06 00:00:00,Room 1104,16th Floor,2633.64,2.6
5066,7111,325,2024-04-06 00:00:00,16th Floor,PO Box 71329,2291.66,1.82
2231,1075,859,2024-04-06 00:00:00,1st Floor,Suite 18,1801.37,2.39
5653,5408,794,2024-04-06 00:00:00,Room 1397,PO Box 93525,1092.04,1.35
5480,2524,740,2024-04-06 00:00:00,18th Floor,10th Floor,2232.72,3.54
1332,9079,187,2024-04-06 00:00:00,Apt 1856,Room 1921,1145.87,0.4
9131,3266,466,2024-04-06 00:00:00,Apt 1380,Suite 52,4613.34,4.46
8611,2331,488,2024-04-06 00:00:00,Apt 1600,Apt 1069,1463.42,0.53
8594,6051,809,2024-04-06 00:00:00,14th Floor,Room 257,4494.74,3.7
5595,1845,994,2024-04-06 00:00:00,12th Floor,Suite 50,225.91,3.64
3855,3920,286,2024-04-06 00:00:00,PO Box 76152,18th Floor,3900.61,1.95
